name;address;sector
Apotek Kimia Farma;Jl. Godean 557473 Klaten  - Kabupaten;Chemists
Sido Muncul Store;Jalan Cipete Raya 8112410 Jakarta;Chemists
Apotek Kimia Farma;Jl. G. Sanghyang 2380232 Dompu  - Bali;Chemists
Apotek Kimia Farma;Jalan Perak Timur 16660164 Kota Surabaya;Chemists
PD. Trivia Oktana Mandiri;Jalan Diponegoro 10642151 Kasemen  - Banten;Chemists
Millennium Pharmacon International;Jalan Pamularsih 10750141 Kota Semarang;Chemists
Alkin Global;Jalan Pasteur 1540131 Kota Bandung;Chemists
Alfa Kimia Biomedikatama;Jalan C Simanjuntak GK 5 1255223 Kota Yogyakarta;Chemists
Kimia Farma 49 Apotek;Jalan Pahlawan Revolusi 5313430 Jakarta;Chemists
Klinik Kimia Farma 78;Jl. A. Yani 3115142 Klaten  - Kabupaten;Chemists
Klinik Kimia Farma 82;Jalan Kartini 6757423 Klaten  - Kabupaten;Chemists
UD Shasa Scale;Jl. Raya Kosambi Barat 2315213 Tangerang;Chemists
Apotek Kimia Farma Cibitung Bosih;Jalan Bosih 817520 Cibitung;Chemists
Apotek Kimia Farma395;Jalan Melur 428156 Kota Pekanbaru;Chemists
Apotek Kimia Farma 377;Jalan Cimanuk 1144111 Klaten  - Kabupaten;Chemists
Apotek Kimia Farma 336;Jalan Pangeran Antasari 9170241 Manis Mata  - Kalimantan;Chemists
Apotek Kimia Farma 167;Jalan Tank 51540526 Kota Cimahi;Chemists
Klinik Kimia Farma Bintaro;Jalan Bima 3557416 Klaten  - Kabupaten;Chemists
Klinik Kimia Farma 309;Jalan Lumimuut 1495113 Kota Manado;Chemists
Kimia Farma 152 Apotek;E-F Jl. Raya Pasar Minggu 312780 Jakarta;Chemists
Kimia Farma Apotek;Jalan Pangeran Mohammad Noor 75119 Kota Samarinda;Chemists
Kimia Farma Condong Catur;Jl. Nusa Indah 55221 Kota Yogyakarta;Chemists
Apotek Kimia Farma 416;Jalan Sultan Agung 6255151 Kota Yogyakarta;Chemists
Apotek Kimia Farma 504;Jalan Simo 2857432 Klaten  - Kabupaten;Chemists
Klinik Kimia Farma 38;Jalan Hasan 4613940 Jakarta Timur  - Makasar;Chemists
Apotek Kimia Farma 131;Jalan Raden Ajeng Kartini 4435111 Kota Bandar Lampung;Chemists
Klinik Kimia Farma Blitar;Jalan Mawar 6457431 Klaten  - Kabupaten;Chemists
Gunung Sahari Group;A3 Jl. Gunung Sahari Raya 5110610 Jakarta;Chemists
Apotek Kimia Farma Pondok Benda;Jl. Raya Pamulang 215417 Kasemen  - Banten;Chemists
Apotek Kimia Farma 406;Jalan Magelang 8055231 Kota Yogyakarta;Chemists
Klinik Kimia Farma 111;Jl. Jend. A. Yani Timur 1070724 Kota Banjarbaru;Chemists
Apotek Kimia Farma 260;Jalan Jenderal DI Panjaitan 4750249 Central Java;Chemists
Apotek Kimia Farma Sultan Alaudin;Jl. Sultan Alaudin 22290245 Jakarta Timur  - Makasar;Chemists
Gratia Jaya Mulya;Gratia Building 1015339 Kota Tangerang Selatan;Chemists
Kimia Farma 107 Apotek;Jl. Gatot Subroto 7220211 Obi Timur  - Sum;Chemists
Apotek Kimia Farma 94;Jl. Proklamasi 4425119 Kota Padang;Chemists
Viva Health;Sampoerna Strategic Square 12930 Jakarta;Chemists
Klinik Kimia Farma 250;Jl. Ratulangi 5990174 Jakarta Timur  - Makasar;Chemists
Apotek Kimia Farma511;A30 Jl. Klampis Jaya 60241 Kota Surabaya;Chemists
Apotek Kimia Farma Alam Sutera;Jl. Jalur Sutra 315325 Kasemen  - Banten;Chemists
Klinik Kimia Farma 236;Jl. Danau Batur Raya 80353 Klaten  - Kabupaten;Pharmaceutical LaboratoriesChemists
PT.Multidaya Medika;Kompleks Rukan Niaga Gunung Sahari 710720 Jakarta;Pharmaceutical LaboratoriesChemists
Klinik Kimia Farma Purwakarta;Jalan Veteran 15257431 Klaten  - Kabupaten;Pharmaceutical LaboratoriesChemists
Apotek Kimia Farma;Jalan Raya Arjuno 15160251 Kota Surabaya;Pharmaceutical LaboratoriesChemists
Klinik Kimia Farma 188;Jalan S Parman 4270128 Banjarmasin;Pharmaceutical LaboratoriesChemists
Apotek Kimia Farma 480;Jalan Jenderal Sudirman 75831121 Kota Prabumulih;Pharmaceutical LaboratoriesChemists
Klinik Kimia Farma 501 (Daeng Tata);Jl. Daeng Tata 6990174 Jakarta Timur  - Makasar;Pharmaceutical LaboratoriesChemists
Pembina Ilmu;Jalan Durian 380231 Dompu  - Bali;Pharmaceutical LaboratoriesChemists
Apotek Kimia Farma23;Jalan Kendangsari 8 60292 Kota Surabaya;Pharmaceutical LaboratoriesChemists
Andalan Prima Sejahtera CV;Jalan Letnan Jenderal Jamin Ginting 620141 Obi Timur  - Sum;Pharmaceutical LaboratoriesChemists
Indotest Multi Laboratama;Komp. 20340223 Kota Bandung;Pharmaceutical LaboratoriesChemists
Dipa Puspa Labsains;Jalan Kebon Jeruk Baru 6611530 Jakarta;Pharmaceutical LaboratoriesChemists
Kharisma Medical Centre;Jalan Caman 5417412 Kota Bekasi;Pharmaceutical LaboratoriesChemists
Dharmajaya Dinamika Mandiri;Jalan Dokter Sutomo 13410110 Sawah Besar  - Pasar Baru;Pharmaceutical LaboratoriesChemists
Pudak Scientific;Jalan Pudak 440113 Kota Bandung;Pharmaceutical LaboratoriesChemists
Pathlab Indonesia;Jalan Sutomo 17220213 Medan Kota;Pharmaceutical LaboratoriesChemists
Thermalindo Sarana Laboratoria;Jl. H. Abdul Wahab Siamin 60225 Kota Surabaya;Pharmaceutical LaboratoriesChemists
Intertek;Jalan Cikini 4 210350 Jakarta;Pharmaceutical LaboratoriesChemists
Sumber Aneka Karya Abadi;Jl. Jababeka Vii A 17530 Klaten  - Kabupaten;Pharmaceutical LaboratoriesChemists
Apotek Kimia Farma;Jalan Raya Diponegoro 9460253 Kota Surabaya;Pharmaceutical LaboratoriesChemists
United Dico Citas;Jalan Sumbawa 2160281 Kota Surabaya;Chemists
Alam Putra Sakti;Cempaka Mas 110640 Jakarta;Chemists
Mitera Sejatra Jaya Agung;Jl. Terusan Kopo 1240111 Kota Bandung;Chemists
Hi-Test;Century Park 629461 Riau Islands;Chemists
Distriversa Buanamas;Jalan Margorejo Indah 2860238 Kota Surabaya;Chemists
Apotek Kimia Farma;Jl. Pattimura 5980115 Dompu  - Bali;Chemists
Multikimia Intipelangi;Jalan Siwalan 13057143 Surakarta;Chemists
Apotek Kimia Farma;Jalan Bali 157411 Klaten  - Kabupaten;Chemists
Cahayatiara Mustika Scientific Indone;Jl. Jababeka Ix  Kota Bekasi;Chemists
Apotek Kimia Farma;Jalan Sultan Agung 157436 Klaten  - Kabupaten;Chemists
Kimia Farma 284 Apotek;Jalan Siliwangi 4517151 West Java;Chemists
Klinik Kimia Farma 108;Jalan Teuku Umar 24684218 Dompu  - Bali;Chemists
Multilab Adisurya Mandiri;Jalan Tanjung Selor 711440 Jakarta;Chemists
Apotek Kimia Farma;Jalan Garuda 4710610 Jakarta;Chemists
PT.Midexdharma Agung;Jalan Sunan Drajat 4213220 Jakarta;Chemists
Klinik Prodia;Jl. Tgh. H.M Daud Beureuh 17423242 Kota Banda Aceh;Chemists
Sentra Biosains Dinamika;Jalan Letnan Jenderal Suprapto 10640 Jakarta;Chemists
Alfa Kimia;Jalan C Simanjuntak GK 5 1255223 Kota Yogyakarta;Chemists
Sembada Graha Persada;Jalan Brojolamatan 32655283 Kota Yogyakarta;Chemists
Apotek Kimia Farma 348;Jalan Damai 816151 West Java;Chemists
Berlico Mulia Farma;Jl. Yogyakarta 1055571 Klaten  - Kabupaten;Chemists
Apotek Kimia Farma;Jalan Ngagel Jaya Selatan 10960283 Kota Surabaya;Chemists
Apotek Kimia Farma;Jl. Ampera 729663 Klaten  - Kabupaten;Chemists
Apotek Kimia Farma;Jalan Soeprapto 6438886 Kota Bengkulu;Chemists
Klinik Kimia Farma 390;Jalan Setia Budi 6594226 Kota Palu;Chemists
Apotek Kimia Farma Cendrawasih;Jl. Ahmad Yani 6799221 Papua;Chemists
Apotek Senopati;Jalan Senopati 1512190 Jakarta;Chemists
Apotek Kimia Farma 117;Jalan Kolonel Abunjani 7836129 Kota Jambi;Chemists
Apotek Kimia Farma 134;Jalan Pejanggik 4883121 Kota Mataram;Chemists
Apotek Kimia Farma271;Jl. KH. Ahmad Dahlan 950194 Central Java;Chemists
Klinik Kimia Farma Cirendeu;Jl. Cireundeu Raya 2715414 Klaten  - Kabupaten;Chemists
Apotek Kimia Farma Tanjung Uncang;Komp. Ruko Fanindo 29423 Riau Islands;Chemists
Apotek Kimia Farma Sunter;Jalan Danau Sunter Utara 14350 Jakarta;Chemists
Apotek Kimia Farma;Jl. Utan Kayu 10513120 Jakarta;Chemists
Apotek Kimia Farma;Jl. Letjen Suprapto 7668166 Klaten  - Kabupaten;Chemists
Apotek Kimia Farma;Jalan Simo 1457432 Klaten  - Kabupaten;Chemists
Intervet Indonesia;Wisma 46 Kota BNI 27Th Floor Suite 27.01 10220 Jakarta;Chemists
Apotek Kimia Farma Jati Mulya;Jl. Raya Pengasinan 17144 Ruko Jatimulya Blok A No. 10;Chemists
Karya Daya Syafarmasi;Kawasan Industri Bogorindo 16810 Kota Bogor;Chemists
Apotek Kimia Farma;Jalan Diponegoro 457416 Klaten  - Kabupaten;Chemists
Apotek Kimia Farma408;Jl. Rd. Syamsudin 5043111 Klaten  - Kabupaten;Chemists
Citra Madakaripura Persada;Jalan Soekarno - Hatta 8867219 Kota Probolinggo;Chemists
Kimia Farma;Jl. Letjend. R. Suprapto 12358153 Klaten  - Kabupaten;Chemists
Kimia Farma Apotek;Jl. P.B. Sudirman 33967253 Klaten  - Kabupaten;Chemists
Klinik Kimia Farma 253;Jalan Yusuf Martadilaga 11442151 Kasemen  - Banten;Chemists
Apotek Kimia Farma;-C Jl. Jend. Gatot Subroto 3722774 Obi Timur  - Sum;Chemists
Apotek Kimia Farma;Jalan Raya Daru 816370 Klaten  - Kabupaten;Chemists
Apotek Kimia Farma396;Jalan Hasanuddin 13795114 Kota Manado;Chemists
Apotek Kimia Farma Puri Indah;Jl. Cemengkalang 3561263 Klaten  - Kabupaten;Chemists
Apotek Kimia Farma 383;Jl. Pinus 3870241 Manis Mata  - Kalimantan;Chemists
Apotek Kimia Farma;Jl. Betoambari 493725 Kota Baubau;Chemists
Klinik Kimia Farma 74;Jalan Bandara Sam Ratulangi 3195113 Kota Manado;Chemists
Klinik Cahaya Husada;Jalan Rawa 6853266 Cilacap Tengah  - Sidanegara;Chemists
Lab Pramita;Jl. Diponegoro 3720215 Obi Timur  - Sum;Chemists
Kimia Farma;Komp. Pertokoan SP 29439 Riau Islands;Chemists
Horiba Indonesia;Jalan Jalur Sutera 15144 Klaten  - Kabupaten;Chemists
Mitra Meditama Abadi;Jl. Simpang Danau Limboto Timur II A.5 - I.32 5 Klaten  - Kabupaten;Chemists
Jayamas Medica Industri;Jalan Kergan 2857485 Klaten  - Kabupaten;Chemists
Klinik Kimia Farma Sepinggan;Jalan Marsma Iswahyudi 70276114 Balikpapan;Chemists
Klinik Kimia Farma 141;Jalan Sumber - Kesambi 13245171 Klaten  - Kabupaten;Chemists
Tirta Asri;A 24 Jl. Karah Indah 2460232 Kota Surabaya;Herbalist (Retail)
Apotek Kimia Farma 446;Jalan Narogong 1416820 West Java;Herbalist (Retail)
Klinik Kimia Farma 217;Jalan Jenderal Ahmad Yani 17978813 Manis Mata  - Kalimantan;Herbalist (Retail)
Apotek Kimia Farma Medan;Jalan Palang Merah 3220151 Obi Timur  - Sum;Herbalist (Retail)
Sinar Abadi Jaya;Jalan Gajah Mada 4178122 Kota Pontianak;Herbalist (Retail)
Apotek Kimia Farma 463;Jl. Bengkong Ratu 1129431 Riau Islands;Herbalist (Retail)
Apotek Kimia Farma 112;Jalan Diponegoro 873111 Palangkaraya  - Palangka;Herbalist (Retail)
Kimia Farma Apotek;Jl. Brigjen Sudiarto 3050714 Salatiga;Herbalist (Retail)
Apotek Kimia Farma Pelengkap RS Telling;Jalan 14 Februari 1495113 Kota Manado;Herbalist (Retail)
Apotek Kimia Farma;Grand Wisata 5117211 Klaten  - Kabupaten;Herbalist (Retail)
Natura Perisa Aroma;Jalan Insinyur Sutami 935122 Kota Bandar Lampung;Herbalist (Retail)
Klinik Kimia Farma Mapanget;Jalan A A Maramis 95113 Kota Manado;Herbalist (Retail)
Apotek Kimia Farma;Jalan Kelapa Gading 1 1557438 Klaten  - Kabupaten;Herbalist (Retail)
Rumah Sakit Umum Panti Baktiningsih;Klepu Sendangmulyo Minggir 55562 Kota Yogyakarta;Herbalist (Retail)
Kimia Farma;Jl. Kol. L. Soetarto 5757126 Surakarta;Herbalist (Retail)
Kimia Farma Proklamasi;Jl. Proklamasi 2425237 Kota Padang;Herbalist (Retail)
Apotek Kimia Farma 330 Thi;Jl. Boulevard Hijau Raya 17151 Ruko Sentra Niaga Blok B8 No. 9;Herbalist (Retail)
Sejahtera Surya Intrio;Jalan Ngagel Jaya Utara 10660284 Kota Surabaya;Herbalist (Retail)
Apotek Kimia Farma212;Jalan Sukowati 44057215 Klaten  - Kabupaten;Herbalist (Retail)
Kimia Farma 24 Apotek;Jalan Dharmawangsa 2460286 Kota Surabaya;Herbalist (Retail)
Kimia Farma 10 Apotek;Jalan Braga 240111 Klaten  - Kabupaten;Chemists
Gewinn Gold Hotama;Jalan Bunga Raya 317124 Kota Bekasi;Chemists
Apotek Kimia Farma 488;Komp. Ruko Tiban Impian 29432 Riau Islands;Chemists
Apotek Kimia Farma;Jl. W.J. Lalamentik 85369 Klaten  - Kabupaten;Chemists
Klinik Kimia Farma 202;Jalan Kejayaan 216415 Depok;Chemists
Apotek Kimia Farma;Jl. Pulau Nias 80115 Dompu  - Bali;Chemists
Rajawali Nusindo;Jl. Wolter Monginsidi 5490142 Jakarta Timur  - Makasar;Chemists
Kimia Farma Apotek;Jl. Hasanuddin 53 East Java;Chemists
Apotek Kimia Farma Gedangan;Jalan Jenderal Ahmad Yani 11961254 Klaten  - Kabupaten;Chemists
Apotek Kimia Farma45;Jalan Raya Darmo 9460264 Kota Surabaya;Chemists
Apotek Kimia Farma;Jalan HR Soebrantas 9928125 Kota Pekanbaru;Chemists
Apotek Kimia Farma 100;Jl. Seraya 29432 Riau Islands;Chemists
Apotek Kimia Farma;Jalan Simo 7057432 Klaten  - Kabupaten;Chemists
Apotek Kimia Farma;Jalan Jenderal Ahmad Yani 22860243 Kota Surabaya;Chemists
Klinik Kimia Farma 420;Jalan Adi Sumarmo 11457136 Surakarta;Chemists
Apotek Kimia Farma 138;Jalan Kyai Haji Agus Salim 3075117 Kota Samarinda;Chemists
Klinik Kimia Farma 79;Jalan Dewi Sartika 7957412 Klaten  - Kabupaten;Chemists
Klinik Kimia Farma 105;Jalan Dokter Sutomo 3675123 Kota Samarinda;Chemists
Apotek Kimia Farma;Jl. Citarum Raya 6050519 Klaten  - Kabupaten;Chemists
Melawai Apotik;Jalan Melawan 2111170 Jakarta;Chemists
Apotek Kimia Farma;Jalan Diponegoro 12584218 Dompu  - Bali;Chemists
Essity Hygiene And Health Indonesia;BSD Green Office Park 642527 Klaten  - Kabupaten;Chemists
Bronson & Jacobs Indonesia;Ji. MH Thamrin 15320 Kasemen  - Banten;Chemists
Spektris Metalab;Jalan Tanah Abang 1 1210160 Jakarta;Chemists
Kimia Farma Apotek;Jalan Budi Utomo 110710 Jakarta;Chemists
Erela;Jalan Erlangga Raya 950242 Kota Semarang;Chemists
Genecraft Labs;Business Park Kebon Jeruk  Jakarta;Chemists
Macrocitra Ardanasejati;Jl. Meruya Utara Kembangan 11620 Jakarta;Chemists
Apotek Kimia Farma;Jl. Hayam Wuruk 3280118 Dompu  - Bali;Chemists
Sumber Utama Kimiamurni;Ruko Klampis Square 60117 Kota Surabaya;Chemists
Widatra Bhakti;Wisma Tugu Raden Saleh 4410330 Jakarta;Chemists
Kimia Sakti Kalista;Ksk Building 1510150 Jakarta;Chemists
Pratama Jaya Perkasa;Jalan Klampis Jaya 15460117 Kota Surabaya;Chemists
Pertiwi Agung;Mensa 2 Building 2Nd Floor 12910 Jakarta;Chemists
Laboratorium Klinik Pramita;Jalan Adityawarman 7360242 Kota Surabaya;Chemists
Dragon Prima Farma;Jalan Kaligawe 350113 Kota Semarang;Chemists
Haes Brothers;Jalan Mayor Jenderal Sungkono 60225 Kota Surabaya;Chemists
Kinglab Indonesia;Karawaci Office Park 15139 Kota Tangerang;Chemists
Multi Instrumentasi Mandiri;Jalan Perintis Kemerdekaan 17850263 Kota Semarang;Chemists
Maneungteung Anugerah Mandiri;Jalan Bintara 9 4917136 Kota Bekasi;Chemists
Waris;Jalan Haji Ten 1 4113220 Jakarta;Chemists
Duta Kimia Internusa;Jalan Sagitarius 1 1340275 Kota Bandung;Chemists
Kanefusa Indonesia;Ejip Industrial Park Polt 17530 Klaten  - Kabupaten;Chemists
Indigo Studio;Ruko Klampis Square 60117 Kota Surabaya;Chemists
HERBAL ONLINE SURABAYA;Jalan Dukuh Gemol 1 160229 Surabaya;Chemists
Kimia Farma;Jalan C 3010620 Jakarta;Chemists
Apotek Kimia Farma Batu 8 Atas;Jl. Raja Haji Fisabilillah 829113 Riau Islands;Chemists
Klinik Kimia Farma 275;Jl. Kaliurang 655851 Kota Yogyakarta;Chemists
Kimia Farma;Jl. Gatot Subroto 12553272 Central Java;Chemists
Bio Medika Laboratorium Klinik Utama;Jalan Ciujung 1011430 Jakarta;Chemists
Apotek Kimia Farma;Jalan Palapa 94141 Kota Palu;Chemists
Kimia Farma Apotek;Jalan Lamongrejo 12562211 Klaten  - Kabupaten;Chemists
Anugerah Pharmindo Lestari;Jalan Kimia Farma 1013440 Jakarta Timur  - Makasar;Chemists
Apotek Kimia Farma 369;Jl. Tuparev 8545142 Klaten  - Kabupaten;Chemists
Apotek Kimia Farma Taman Gapura Walk;Jalan Gapura Niaga 60217 Kota Surabaya;Chemists
Industri Jamu Borobudur;Jalan Tomang Tinggi 1111440 Jakarta;Chemists
Multi Medika Laboratory;Jalan Pasar 5 Barat 20371 Kabupaten Deli Serdang;Chemists
Gemari Sakti;Jalan Raden Intan 3535111 Kota Bandar Lampung;Chemists
Klinik Kimia Farma 320;Jl Cinunuk 19240213 Klaten  - Kabupaten;Chemists
Apotek Kimia Farma;Jl. Jend. Sudirman 198454 Klaten  - Kabupaten;Chemists
Kimia Farma;Jl. Boulevard 8620229 Suboh  - Cemara;Chemists
Apotek Kimia Farma;Jl. Raya Sedati Gede 5961261 Klaten  - Kabupaten;Chemists
Duta Farma Apotik;Jalan Dukuh Kupang Raya 1860225 Kota Surabaya;Chemists
Apotek Kimia Farma;B Jl. Taman Kopo Indah Raya 9940218 Klaten  - Kabupaten;Chemists
Klinik Kimia Farma 55;Jalan Raya Kebayoran Lama 12220 Jakarta;Chemists
Apotek Kimia Farma;Jl. Laksda Adi Sucipto 14856352 Klaten  - Kabupaten;Chemists
Global Medik Persada;Jalan Kebon Jeruk Baru 2611530 Jakarta;Chemists
Klinik Kimia Farma 129;Jalan Jenderal Ahmad Yani 2695113 Kota Manado;Chemists
Apotek Joyoboyo;Jalan Erlangga 3464121 Kota Kediri;Chemists
Klinik Praga Medika;Jl. Jend. Sudirman 10245256 Klaten  - Kabupaten;Chemists
Klinik Kimia Farma 140;Jalan Sultan Ageng Tirtayasa 1242414 Kasemen  - Banten;Chemists
Regenesis Indonesia;Jalan Sultan Iskandar Muda 712240 Jakarta;Chemists
Apotek Kimia Farma;Jl. Abulyatama 29425 Riau Islands;Chemists
Kimia Farma;Jalan Srengseng Sawah 9912640 Jakarta;Chemists
Apotek Kimia Farma;Jl. Dr. Sutomo 929122 Kota Tanjung Pinang;Chemists
Apotek Prayogi;Jalan Kalianyar 6260161 Kota Surabaya;Chemists
Apotek Kimia Farma;Jl. Bengkong Ratu 29425 Riau Islands;Chemists
B. Braun Pharmaceutical Indonesia;Tempo Scan Tower 12950 Jakarta;Chemists
Apotek Kimia Farma;Jl. Raya Sesetan 16380232 Dompu  - Bali;Chemists
Kimia Farma Apotek;Jalan Anggrek 20157316 Klaten  - Kabupaten;Chemists
Apotek Kimia Farma;Jalan Kediri 11217330 Klaten  - Kabupaten;Chemists
Apotek Kimia Farma;Jalan DI Panjaitan 42411 Kota Cilegon;Chemists
Lab Kimia Farma Lampung;Jalan Gajah Mada 7635121 Kota Bandar Lampung;Chemists
Klinik Mitrasana Taman Aster;Jalan Aster 4117145 Klaten  - Kabupaten;Chemists
Klinik Kimia Farma 59;Jl. Iman Bonjol 129432 Riau Islands;Chemists
Apotek Kimia Farma Singadilaga;Jl. Ibrahim Singadilaga 6841174 Klaten  - Kabupaten;Chemists
Klinik Kimia Farma 373;Jalan Rajawali 473112 Palangkaraya  - Palangka;Chemists
Apotek Kimia Farma Palem;Ruko Taman Palem Lestari 11730 Jakarta;Chemists
Anugerah Pharmindo Lestari;Jalan Jenderal Ahmad Yani 870654 Rt. 12;Chemists
Apotek Kimia Farma;Jalan Jenderal Ahmad Yani 3775321 Kota Bontang;Chemists
Klinik Kimia Farma 351;Jalan Simo 7057432 Klaten  - Kabupaten;Chemists
Apotek Kebonsari;- A Jl. Pahlawan Timur 29465156 Klaten  - Kabupaten;Chemists
Apotek Kimia Farma 114;Jalan Pangeran Hidayatullah 4675112 Kota Samarinda;Chemists
Apotek Sehat Bersama;Jalan Jenderal Sudirman 330151 Kota Palembang;Chemists
Nusantara Farma Apotik;Jalan Jenderal Ahmad Yani 50340121 Kota Bandung;Chemists
Kimia Farma Apotek;Jalan Jatiwaringin 513610 Pondokgede;Chemists
Aspp;Gedung Kratingdaeng 12790 Jakarta;Chemists
Klinik Kimia Farma 152;Jalan Raya Pasar Minggu 12520 Jakarta;Chemists
Apotek Kimia Farma Teuku Umar Lampung;Jalan Teuku Umar 2435141 Kota Bandar Lampung;Chemists
Apotek Kimia Farma;Jalan Zaenal Abidin Pagar Alam 7735141 Kota Bandar Lampung;Chemists
Laboratorium Klinik Pramita;Jalan Cik Ditiro 1755224 Kota Yogyakarta;Medical Laboratories
Apotek Kimia Farma;Jl. Cipanas 10629444 Riau Islands;Medical Laboratories
Apotek Kimia Farma;Jalan Urip Sumoharjo 6151181 Klaten  - Kabupaten;Medical Laboratories
Apotek Kimia Farma Padang;Jl. Perintis Kemerdekaan 2425119 Kota Padang;Medical Laboratories
Apotek Kimia Farma;Jalan Robert Wolter Monginsidi 735214 Kota Bandar Lampung;Medical Laboratories
Apotek Kimia Farma;Jalan Raden Ajeng Kartini 4435111 Kota Bandar Lampung;Medical Laboratories
Akademi Refraksi Optisi Polycore Indonesia;Jl. Resinda Raya 41361 Klaten  - Kabupaten;Medical Laboratories
Agen Nasa Jakal;Candi Karang  Klaten  - Kabupaten;Medical Laboratories
Apotek Kimia Farma;Jl. W.R. Supratman 30380118 Dompu  - Bali;Medical Laboratories
Apotek Kimia Farma 60;Jalan Merdeka 4724351 Kota Lhoksumawe;Medical Laboratories
Apotek Kimia Farma;Jalan Rungkut Madya 9960293 Kota Surabaya;Medical Laboratories
Klinik Kimia Farma 101;Jl. Herewila 3885369 Klaten  - Kabupaten;Medical Laboratories
Apotek Kimia Farma;-B Jl. Cemengkalang 3561256 Klaten  - Kabupaten;Medical Laboratories
Apotek Kimia Farma 401;Jalan Seturan Raya 55283 Klaten  - Kabupaten;Medical Laboratories
Klinik Kimia Farma 331, Bahu;Jalan Wolter Monginsidi 2995113 Kota Manado;Medical Laboratories
Kimia Farma;Rumah Sakit Khusus Daerah Ratumbuysang 7795113 Kota Manado;Medical Laboratories
Apotek Sumber Anom;Jalan Ahmad Yani 20164483 Klaten  - Kabupaten;Medical Laboratories
Klinik Utama Kimia Farma Cihampelas;Jl. Cihampelas 740266 Klaten  - Kabupaten;Medical Laboratories
Kimia Farma Cendrawasih;Jalan Cendrawasih 23313650 Jakarta Timur  - Makasar;Medical Laboratories
Apotek Kimia Farma Pondok Kopi 2;Jalan Pondok Kopi 5413460 Jakarta;Medical Laboratories
Kimia Farma;Jalan Haji Mistar Cokrokusumo 370714 Kota Banjarbaru;Chemists
Apotek Kimia Farma;Jalan DI Panjaitan 276125 Balikpapan;Chemists
Apotek Kimia Farma;Jalan Simo 4457432 Klaten  - Kabupaten;Chemists
Apotek Kimia Farma;Jalan Ahmad Yani Timur 3070714 Kota Banjarbaru;Chemists
Anugerah Pharmindo Lestari;Jalan Arteri Supadio 5578391 Kota Pontianak;Chemists
Apotek Kimia Farma;Jalan Imam Bonjol 6684261 Dompu  - Bali;Chemists
Adhira Medika Persada Internasional;Ruko Paramount Spark 15810 Kota Tangerang;Chemists
Catur Dakwah Crane Farmasi;Jalan Olympic Raya 16810 Klaten  - Kabupaten;Chemists
Ottobock Healthcare Indonesia;Jl. Taman Tekno F1/FG 115314 Klaten  - Kabupaten;Chemists
Marhilas Utama Laboratorium;Jalan Rose Garden 3317422 Kota Bekasi;Chemists
Nidec Sankyo Opto Indonesia;Jalan Raya Sukabumi 216720 Klaten  - Kabupaten;Chemists
Procter & Gamble Operations Indonesia;Jalan Harapan 2 41361 Jakarta;Chemists
Arkan Medica;Jalan Solo - Purwodadi 2057274 Surakarta;Chemists
Laboratorium Prodia;Jalan Merdeka 3721143 Pematangsiantar;Chemists
Natbio Marketing Indonesia;Ruko Gardenia Shopping Arcade 11470 Jakarta;Chemists
Apotek Johar Medika;Jl. Ahmad Yani 3368137 Klaten  - Kabupaten;Chemists
Ion Exchange Asia Pacific;Jababeka 417530 Kota Bekasi;Chemists
Kalbe Farma;Jl Panembahan Senopati 56123 Kota Magelang;Chemists
Apotek Kimia Farma;Jl. Dr. Wahidin Selatan 5967173 Klaten  - Kabupaten;Chemists
Apotek Royal;Jl. Monjali 5744481 Klaten  - Kabupaten;Chemists
Medisafe Technologies;Pasar Ix 20362 Kabupaten Deli Serdang;Sales, Rental And Repair Of Surgical Medical Instruments And Equipment
Attamana;Jalan Raya Pedan 1057468 Klaten  - Kabupaten;Sales, Rental And Repair Of Surgical Medical Instruments And Equipment
Fokus Diagnostic Indonesia;Jalan Jatipadang Poncol 912540 Jakarta;Sales, Rental And Repair Of Surgical Medical Instruments And Equipment
Midex Dharma Agung;Jalan Sunan Drajat 4213220 Jakarta;Sales, Rental And Repair Of Surgical Medical Instruments And Equipment
Pramita;Jalan Doktor Cipto Mangunkusumo 9545132 Kota Cirebon;Sales, Rental And Repair Of Surgical Medical Instruments And Equipment
China Petroleum Technology And Development Corporation;Menara Rajawali 12950 Jakarta;Sales, Rental And Repair Of Surgical Medical Instruments And Equipment
Kimia Farma;Jalan Buah Dua 25940291 Klaten  - Kabupaten;Sales, Rental And Repair Of Surgical Medical Instruments And Equipment
Mitra Megah Mandiri;Kompleks Pergudangan Indoserena 961256 Klaten  - Kabupaten;Sales, Rental And Repair Of Surgical Medical Instruments And Equipment
Apotek Kimia Farma Grand Galaxi City;Jalan Pulo Sirih Barat 17147 Ruko Grand Galaxi City Blok Rgf No. 11;Sales, Rental And Repair Of Surgical Medical Instruments And Equipment
Lab Klinik Pramita;Jalan Jenderal Ahmad Yani 3939112 Kota Padang;Sales, Rental And Repair Of Surgical Medical Instruments And Equipment
Apotek Kimia Farma173;Jalan Ngurah Rai By Pass 23280361 Dompu  - Bali;Sales, Rental And Repair Of Surgical Medical Instruments And Equipment
China National Petroleum Corp;Menara Rajawali 12950 Jakarta;Sales, Rental And Repair Of Surgical Medical Instruments And Equipment
Tritunggal Sentra Utama;Jalan Taman Air Nasution 560271 Kota Surabaya;Sales, Rental And Repair Of Surgical Medical Instruments And Equipment
Mahkota Dewa Indonesia;Jalan Gaharu 14230 Jakarta;Sales, Rental And Repair Of Surgical Medical Instruments And Equipment
Libra Emas Permata;Jalan Pluit Raya 1914440 Jakarta;Sales, Rental And Repair Of Surgical Medical Instruments And Equipment
Apotek Kimia Farma;Jl. By Pass Ngurah Rai 23280118 Dompu  - Bali;Sales, Rental And Repair Of Surgical Medical Instruments And Equipment
Kimia Farma;Jalan Veteran 910110 Jakarta;Sales, Rental And Repair Of Surgical Medical Instruments And Equipment
Agaricus Sido Makmur Sentosa;Jl. Inspektur Polisi Soewoto 665118 Klaten  - Kabupaten;Sales, Rental And Repair Of Surgical Medical Instruments And Equipment
British Chamber Of Commerce In Indonesia;Wisma Metropolitan I 12920 Jakarta;Sales, Rental And Repair Of Surgical Medical Instruments And Equipment
Diontek Prima Analisa;Gedung Satmarindo 512560 Jakarta;Sales, Rental And Repair Of Surgical Medical Instruments And Equipment
Kimia Farma 80 Apotek;Jalan Kolonel Atmo 125030121 Kota Palembang;Chemists
Bina San Prima;Jalan Raya Ponorogo 1163171 Klaten  - Kabupaten;Chemists
Ditek Jaya;Jalan Pucang Anom Timur 4 660282 Kota Surabaya;Chemists
Singgasana Witra Suryamas;Jalan Dadali 940184 Kota Bandung;Chemists
Elo Karsa Utama;Jl. Sukaraja Pasteur 40161 Kota Bandung;Chemists
Klinik Dan Rontgen Promed Laboratorium;Jl. Raden Patah 329432 Riau Islands;Chemists
Lab Kimia Farma Nagoya;Jl. Imam Bonjol Kampung Utama 29431 Riau Islands;Chemists
Klinik Pondok Gede Agung;Jalan Hankam Raya 5817415 Kota Bekasi;Chemists
Laboratorium Klinik Biolisa;Jalan Tanah Abang 3 1810150 Jakarta;Chemists
Indolab Karya Sahati;B Jl. Kelengan Besar 63150133 Klaten  - Kabupaten;Chemists
Citra Putera Gemilang;Jalan Boulevard Kelapa Gading 14240 Jakarta;Chemists
Mitra Global Manunggal;Jalan Bungur Besar 3910110 Jakarta;Chemists
Tekenomiks Indonesia;Jalan Jenderal Sudirman 5876114 Balikpapan;Chemists
Gloria Scientific Abadi;Jalan Margorejo Indah 160237 Kota Surabaya;Chemists
Pentamas Adhika Lestari;Jalan Panjang 1611520 Jakarta;Chemists
Kartindo Sejahtera;Jl. Jedong Buntu 160131 Kota Surabaya;Chemists
Genelab Laboratorium;Jalan Arjuna Selatan 11530 Jakarta;Chemists
Klinik Kimia Farma 70;Jalan Laksamana Adi Sucipto 6355221 Kota Yogyakarta;Chemists
Karsa Sejahtera Abadi;Jalan Cibaduyut Lama 5340235 Kota Bandung;Chemists
Laboratorium Labora;Jalan Lengkong Kecil 7340261 Kota Bandung;Chemists
KLV Instrument International;Jl. A.M. Sangaji VI 2710130 Jakarta;Medical Laboratories
Lab Klinik Thamrin;Jalan Tuanku Tambusai 3628125 Kota Pekanbaru;Medical Laboratories
Siemens;Arkadia Office Park Tower F 12520 Jakarta;Medical Laboratories
Apotek Kimia Farma;Jl. Cempaka Besar 1870126 Manis Mata  - Kalimantan;Medical Laboratories
Klinik Kimia Farma 230;Jl. Panbil 29431 Riau Islands;Medical Laboratories
Apotek Kimia Farma382;Jalan Akses UI 16451 Depok;Medical Laboratories
Apotek Kimia Farma;Jl. Ruko Taman Gapuro 260237 Kota Surabaya;Medical Laboratories
Kimia Farma Apotek;Jl. A. Yani 6886183 Klaten  - Kabupaten;Medical Laboratories
Kimia Farma Apotek;Jl. T. Hamzah Bendahara 1924251 Klaten  - Kabupaten;Medical Laboratories
Industri Jamu Dan Farmasi Sido Muncul;Jalan Soekarno Hatta 2850196 Kota Semarang;Medical Laboratories
Kimia Farma 14 Apotek;Jalan Cihampelas 740131 West Java;Medical Laboratories
Apotek Kimia Farma RSUD Pangkal Pinang;Jl. Mayor Syafri Rahman 33121 Bangka Belitung Islands;Medical Laboratories
Apotek Kimia Farma Amaliah;Jalan DI Panjaitan 520330264 Kota Palembang;Medical Laboratories
Slara Niaga Prima;Jalan Teuku Umar 735111 Kota Bandar Lampung;Medical Laboratories
Apotek Kimia Farma;Jl. Letjend Soeprapto 5620627 Kota Tebing Tinggi;Medical Laboratories
Apotek Kimia Farma;Jl. Raja Haji Fisabillillah 829122 Kota Tanjung Pinang;Medical Laboratories
Apotek Kimia Farma505;Jl. Raya Cipanas 8143111 Klaten  - Kabupaten;Medical Laboratories
Apotek Kimia Farma Fajar;Jl. Wirya Atmaja 3753163 Klaten  - Kabupaten;Medical Laboratories
Apotek Kimia Farma245;Jalan Diponegoro 9365331 Kota Batu;Medical Laboratories
Kimia Farma;Jl. Gatot Subroto 11553232 Central Java;Medical Laboratories
Apotek Kimia Farma;Jalan Wolter Monginsidi 95112 Kota Manado;Chemists
Kimia Farma Apotek;Jalan Soekarno Hatta 576125 Balikpapan;Chemists
Apotek Kimia Farma;Jl. Mustika Sari 17213 Klaten  - Kabupaten;Chemists
Laboratorium Klinik Gunung Sahari;Jalan Gunung Sahari 5110710 Jakarta;Chemists
Sari Suci Apotik;Jalan Letnan Jenderal Suprapto 1010640 Jakarta;Chemists
Kimia Farma Apotek;Jalan Perintis Kemerdekaan 1410640 Jakarta Timur  - Makasar;Chemists
Apotek Kimia Farma;Jl. Daeng Tata 6990174 Jakarta Timur  - Makasar;Chemists
Apotek Kimia Farma198;Jalan Percetakan Negara 3410560 Jakarta;Chemists
Kusuma Bangsa;Jalan Kusuma Bangsa 3060272 Kota Surabaya;Chemists
Apotek Kimia Farma;Jalan Ciliwung 7660242 Kota Surabaya;Chemists
Kimia Farma Apotek;Jalan Laut 193111 Kota Kendari;Chemists
Pandu Toko;Jalan Jenderal Sudirman 2340241 Kota Bandung;Chemists
Apotek Kimia Farma303;Jalan Cemara 157415 Klaten  - Kabupaten;Chemists
Anugerah Pharmindo Lestari;Jalan Haji Adam Malik 5736137 Kota Jambi;Chemists
Apotik Pondok Sehat Matani;Perumahan Pondok Indah Matani  Klaten  - Kabupaten;Chemists
Ampm Healthcare Indonesia;Jalan C 2910620 Jakarta;Chemists
Medika Utama;Jalan Ciliwung 5060242 Kota Surabaya;Chemists
Apotek Kimia Farma;Jl. Selat Sunda I/D2 2556352 Klaten  - Kabupaten;Chemists
Mahakam Apotek;Jl. Mahakam II 212130 Jakarta;Chemists
Apotek Kimia Farma470;Jl. Basuki Rahmat 6968465 Klaten  - Kabupaten;Chemists
Apotek Kimia Farma375;Jalan Citayam 16921 Depok;Chemists
Apotek Kimia Farma Tugu;Jalan Kramat Jaya Baru 2010340 Jakarta;Chemists
RS Awal Bros Batam;Jl. Gajah Mada 29432 Riau Islands;Chemists
Laboratorium Klinik Cito;Jalan Indraprasta 8150139 Kota Semarang;Chemists
Apotek Kimia Farma;Jalan Aipda Karel Satsuit Tubun 8411410 Jakarta;Chemists
Apotek Kimia Farma;Jalan Raya Sawangan 16519 Depok;Chemists
Apotek Kimia Farma;Jl. Seraya 29425 Riau Islands;Chemists
Kimia Farma Apotek;Jl. MT. Haryono 76132 Komp. Balikpapan Baru Blok C 7-8;Chemists
Karya Pak Oles Tokcer;X -38 X Jl. Pulau Komodo 3280111 Dompu  - Bali;Chemists
Apotek Kimia Farma;Jl. Lamong Rejo 12562252 Klaten  - Kabupaten;Chemists
Apotek Kimia Farma;Jl. Jend. Sudirman 29425 Riau Islands;Chemists
Apotek Kimia Farma;Jl. Teuku Umar 1225573 Kota Padang;Chemists
Apotek Kimia Farma399;Jalan Bugis 2514320 Jakarta;Chemists
Akes Maju Makmur;- B Jl. Pasir Kaliki 23940162 Klaten  - Kabupaten;Chemists
Apotek Kimia Farma 137;Jl. Sambu 29432 Riau Islands;Chemists
Apotek Kimia Farma;Jalan Wolter Monginsidi 2495122 Kota Manado;Chemists
Kimia Farma;Jalan Veteran 2557153 Surakarta;Chemists
Sapta Medika Nusantara;Jl. Moch Serudji 2668111 Klaten  - Kabupaten;Chemists
Poly Jaya Medikal;Jalan Ciliwung Raya 6116417 Depok;Chemists
Laborindo Sarana;Jalan Arteri Pondok Indah 812240 Jakarta;Chemists
Persameds;Jalan Caman 17412 Kota Bekasi;Sales, Rental And Repair Of Surgical Medical Instruments And Equipment
Apotek Kimia Farma391;Jalan Kemakmuran 816412 Depok;Sales, Rental And Repair Of Surgical Medical Instruments And Equipment
Bio Medika;Jl. Arjuna Utara 1111510 Jakarta;Sales, Rental And Repair Of Surgical Medical Instruments And Equipment
Laborindo Savaria;Jalan Arteri Pondok Indah 812240 Jakarta;Sales, Rental And Repair Of Surgical Medical Instruments And Equipment
Bina San Prima;Jalan Soekarno Hatta 2128294 Kota Pekanbaru;Sales, Rental And Repair Of Surgical Medical Instruments And Equipment
Gratia Jaya Mulya;Foresta Business Loft Signature Unit  Klaten  - Kabupaten;Sales, Rental And Repair Of Surgical Medical Instruments And Equipment
Apotek Kimia Farma334;Jl. Colombo 1 Klaten  - Kabupaten;Sales, Rental And Repair Of Surgical Medical Instruments And Equipment
Apotek Kimia Farma;Jl. Wiryaatmaja 3753176 Klaten  - Kabupaten;Sales, Rental And Repair Of Surgical Medical Instruments And Equipment
Apotek Idena;Desa Bangun Sari Baru 20362 Kabupaten Deli Serdang;Sales, Rental And Repair Of Surgical Medical Instruments And Equipment
Apotek Kimia Farma 520;Jl. Bay Pass Kediri-Persiapan 8882111 Klaten  - Kabupaten;Sales, Rental And Repair Of Surgical Medical Instruments And Equipment
Kimia Farma;Jl. Ir. H. Juanda 1543351 Klaten  - Kabupaten;Sales, Rental And Repair Of Surgical Medical Instruments And Equipment
Apotek Kimia Farma298;Jalan Bendungan Hilir 2710270 Jakarta;Sales, Rental And Repair Of Surgical Medical Instruments And Equipment
Kimia Farma;Jl. R. Suprapto 29432 Riau Islands;Sales, Rental And Repair Of Surgical Medical Instruments And Equipment
Okebos Bangun Indonesia;Jalan Way Pangubuan 22 Kota Metro;Sales, Rental And Repair Of Surgical Medical Instruments And Equipment
A A M;Titan Center 15224 Kota Tangerang;Sales, Rental And Repair Of Surgical Medical Instruments And Equipment
Amanah Berkah Kencana;Jl. Boulevard Barat Raya  Kabupaten Deli Serdang;Sales, Rental And Repair Of Surgical Medical Instruments And Equipment
Kimia Farma Apotek;Jl. Mayor Oking 11216151 West Java;Sales, Rental And Repair Of Surgical Medical Instruments And Equipment
Apotek Kimia Farma;Jl. Kelimutu Kota Ende 86372 Klaten  - Kabupaten;Sales, Rental And Repair Of Surgical Medical Instruments And Equipment
Klinik Kimia Farma Ponorogo;Jl. Jend. Sudirman 963453 Klaten  - Kabupaten;Sales, Rental And Repair Of Surgical Medical Instruments And Equipment
Kimia Farma Apotek;Jalan Waru 24016151 West Java;Sales, Rental And Repair Of Surgical Medical Instruments And Equipment
Apotek Kimia Farma346;Pondok Kelapa 113450 Jakarta;Chemists
Timbangan Laju;Jl. Dr Cipto 3921121 Pematangsiantar;Chemists
Awal Bros Cahaya Dunia;Jl. Raja Alikelana  Riau Islands;Chemists
Rohto Laboratories Indonesia;Jalan Cilame 20340552 Kota Bandung;Chemists
Apotek Kimia Farma 497;Jalan Kebon Kopi 40533 Kota Cimahi;Chemists
Permana Putra Mandiri;Jl. Taman Mini Indonesia Indah 9 Jakarta;Chemists
Alat Kesehatan Medan;Jalan Raden Saleh 7320111 Obi Timur  - Sum;Chemists
Kiat Laksana Mentari;Jalan Kyai Haji Muchlas 4152116 Kota Tegal;Chemists
Apotek Kimia Farma;Jl. Zamrud Utara 17510 Klaten  - Kabupaten;Chemists
Rumah Sakit Umum Lavalette;Jalan Wage Rudolf Supratman 1065111 Kota Malang;Chemists
Apotek Kimia Farma;Jl. Medan Batang Kuis Pasar 922774 Percut Sei Tuan;Chemists
Apotek Kimia Farma;Jl. Soekarno Hatta 384171 Klaten  - Kabupaten;Chemists
Apotek Kimia Farma;Jalan Merdeka 1997721 Ternate;Chemists
Arta Boga Cemerlang;Jalan Palmerah Barat 8212210 Jakarta;Chemists
Apotek Kimia Farma;Jalan Simo 44057432 Klaten  - Kabupaten;Chemists
Apotek Kimia Farma;Jalan Khairil Anwar 1323128 Kota Banda Aceh;Chemists
Klinik Kimia Farma 68;Jalan Jenderal Sudirman 276111 Balikpapan;Chemists
Klinik Kimia Farma 297;Jl. Bintan Center 929123 Kota Tanjung Pinang;Chemists
Organon;Sinarmas Msig Tower 12920 Jakarta;Chemists
Apotek Kimia Farma;Jalan Ruhui Rahayu 176114 Balikpapan;Chemists
Apotek Kimia Farma Pelengkap Apotek Kimia Farma8 RSUP Dr Wahidin;Jalan Perintis Kemerdekaan 1110640 Jakarta Timur  - Makasar;Chemists
Mitratanker Samudera;The Manhattan Square Tower 12560 Jakarta;Chemists
Apotek Kimia Farma;Jalan Danau Sunter Utara 314350 Jakarta;Chemists
Apotek Kimia Farma;Jalan Bung Tomo 5075131 Kota Samarinda;Chemists
Apotek Kimia Farma Tanjung Pinang (Apotek Kimia Farma31);Jalan Bintan Buyu 65629125 Kota Tanjung Pinang;Chemists
Klinik Kimia Farma 397;Jalan Perak 123233 Kota Banda Aceh;Chemists
Apotek Kimia Farma Kelimutu;Jalan Kemit 57468 Klaten  - Kabupaten;Chemists
Klinik Kimia Farma 340;Jalan Kediri 11217145 Klaten  - Kabupaten;Chemists
Apotek Kimia Farma411;Jalan 14 Februari 1495114 Kota Manado;Chemists
Liza Herbal International;Jalan Arzimar 3 4316144 Kota Bogor;Chemists
Thomasong;Jalan Pandu 4220212 Medan Kota  - Pasar Baru;Chemists
Apotek Kimia Farma419;Jalan Trunojoyo 7560264 Kota Surabaya;Chemists
Apotek Kimia Farma394;Jalan Siliwangi 3516431 Depok;Chemists
Apotek Kimia Farma;Taman Palem Lestari 6311730 Jakarta;Chemists
Apotek Kimia Farma;Jl. Proklamasi 4425573 Kota Padang;Chemists
Klinik Budi Sehat;Jalan S Parman 13157131 Surakarta;Chemists
Apotek Kimia Farma177;Jalan Pangeran Antasari 375124 Kota Samarinda;Chemists
Kimia Farma;Jl. Balaraja Tangerang 55915138 Klaten  - Kabupaten;Chemists
Lloyd Pharma Indonesia;Jalan Prabu Siliwangi 15134 Kota Tangerang;Chemists
Sentra Karya Mandiri;Jalan Jenderal Ahmad Yani 42124 Kasemen  - Banten;Chemists
Apotek Sana Farma Percetakan Negara;Jalan Percetakan Negara 1310560 Jakarta;Chemists
Agita Digital Technology;Jalan Bumi Laras Selatan 170654 Klaten  - Kabupaten;Chemists
Apotek Kimia Farma;Jalan Bintan Buyu 65629113 Kota Tanjung Pinang;Chemists
Apotek Kimia Farma;Jalan 14 Februari 1495112 Kota Manado;Chemists
Apotek Kimia Farma;Jl. Transyogi Alternatif Cibubur 9816953 Depok;Chemists
Kimia Farma;Jl. Pahlawan Kusuma Bangsa 2864152 Klaten  - Kabupaten;Chemists
Apotek Kimia Farma237;Jalan Doktor Susanto 3159111 Klaten  - Kabupaten;Chemists
Perdana Jaya;Jl. Jaksa Agung Suprapto 16362111 Klaten  - Kabupaten;Chemists
Kimia Farma;Jl. Raya Pelengkap Iatan 10080571 Klaten  - Kabupaten;Chemists
Apotek Kimia Farma;Jl. Perintis Kemerdekaan 2425573 Kota Padang;Chemists
Daya Guna Alam;Jl. Durian Taruang 25111 Kota Padang;Chemists
Klinik Kimia Farma 422;Jalan Dewi Sartika 3657412 Klaten  - Kabupaten;Chemists
Willsee Indo Interaktif;The Manhattan Square 12560 Jakarta;Chemists
Apotek Kimia Farma;Kp. Rukem 11517510 Klaten  - Kabupaten;Chemists
Apotek Anda;Jalan Jenderal Sudirman 76114 Balikpapan;Chemists
Klinik Bhakti Medika Sejahtera;Jl. Brigjend Sudiarto 12450252 Klaten  - Kabupaten;Chemists
Green Link Indoraya;Perum Puri Cempaka Putih I / BB-11 1165123 Kota Malang;Chemists
Apotek Kimia Farma Abdulrahman Saleh;Jl. Abdulrahman Saleh 8250119 Central Java;Chemists
Klinik Cikarang Medika Jaya;Jl. Yos Sudarso 2717530 Klaten  - Kabupaten;Chemists
Schutter Laboratory Services;Jalan Abdullah Lubis 1320153 Medan Baru  - Darat;Chemists
Karya Cipta Mega Mandiri;Jalan Mutiara Timur 21 88816168 Kota Bogor;Chemists
Apotek Harapan Baik;Jl. Bandengan Selatan 511240 Jakarta;Chemists
Fertilindo Vitro Sains;Jalan Gubeng Jaya 6860281 Kota Surabaya;Chemists
Klinik Kimia Farma 47;- S Jl. Radio Dalam 112140 Jakarta;Chemists
Apotek Ruri;Jalan Dr Soepomo 4257131 Surakarta;Chemists
Muncul Mekar;A28 Jl. Madukuro 50111 Kota Semarang;Chemists
Langit Biru Sukses;Jalan Gedong Panjang 6814440 Jakarta;Chemists
Klinik Al Hikam;Jalan Taman 94713720 Jakarta Timur  - Makasar;Chemists
Klinik Kimia Farma 147;Duren Sawit 2913440 Jakarta;Chemists
International Valas;Jalan Puri Indah 1111610 Jakarta;Chemists
Dadi Maju;Jalan Doktor Suratmo 7650148 Klaten  - Kabupaten;Chemists
Surya Manunggal Agrosejati;Jalan Taman Arjuna 1 13660251 Kota Surabaya;Chemists
Apotek Andalas;Jl. Muara Karang Barat 14450 Jakarta;Chemists
Apotek Kimia Farma Mayang;Jl. RK. Syahbudin 5036133 Kota Jambi;Chemists
Klinik Sejahtera;- B Jl. Tengku Umar 8035141 Kota Bandar Lampung;Chemists
Bintang Surya Sentosa Abadi;PD. Pasar Jaya 13140 Jakarta;Chemists
Yakin Sejahtera Sakti;Jl. Bandengan Utara 111240 Jakarta;Chemists
Hans Dental Laboratorium;Jalan Tomang Asli 1411430 Jakarta;Chemists
3M Indonesia;Perkantoran Hijau Arkadia Tower F 12520 Jakarta;Chemists
Citra Sembilan Satu;Kirana Boutique Office 114240 Jakarta;Chemists
Draeger Medical Indonesia;Jalan Pangeran Antasari 6712430 Jakarta;Sales, Rental And Repair Of Surgical Medical Instruments And Equipment
Apotek Citra Medika;Jalan Raya Pedan 657468 Klaten  - Kabupaten;Sales, Rental And Repair Of Surgical Medical Instruments And Equipment
Ravell;Jalan Rama Kasih 6 Ujung 1230115 Kota Palembang;Sales, Rental And Repair Of Surgical Medical Instruments And Equipment
Unitama Analitika Perkasa;C Jl. Panjang 3711530 Jakarta;Sales, Rental And Repair Of Surgical Medical Instruments And Equipment
Unique Herbamade Indonesia;Jl. Raya Univ. Pancasila 712640 Jakarta;Sales, Rental And Repair Of Surgical Medical Instruments And Equipment
Biosains Medika Indonesia;Jalan Andara 1412450 Depok;Sales, Rental And Repair Of Surgical Medical Instruments And Equipment
Nutricell;Cibis Nine 212560 Jakarta;Sales, Rental And Repair Of Surgical Medical Instruments And Equipment
Unijaya;Kawasan Industri Pulogadung 13930 Jakarta;Sales, Rental And Repair Of Surgical Medical Instruments And Equipment
Sumber Utama Medicalindo;Jl. Prof H.M. Yamin 24120111 Obi Timur  - Sum;Sales, Rental And Repair Of Surgical Medical Instruments And Equipment
PO Ho Seng;Jalan Sukarjo Wiryopranoto 210130 Jakarta;Sales, Rental And Repair Of Surgical Medical Instruments And Equipment
Pusat Kalibrasi Medilab;Jalan Pucang Anom 7 1160283 Kota Surabaya;Sales, Rental And Repair Of Surgical Medical Instruments And Equipment
GRP Trading Company;Jalan Ngurah Rai By Pass 8880227 Dompu  - Bali;Sales, Rental And Repair Of Surgical Medical Instruments And Equipment
Agung Menara Abadi;Komp. Permata Mekar Mulya 40611 Klaten  - Kabupaten;Sales, Rental And Repair Of Surgical Medical Instruments And Equipment
Sinar Citra Asia;Jalan Margorejo Indah 1160238 Kota Surabaya;Sales, Rental And Repair Of Surgical Medical Instruments And Equipment
Multitrade Golden Synergy;Gedung Senatama 810420 Jakarta;Sales, Rental And Repair Of Surgical Medical Instruments And Equipment
Siberhegindo Teknik;Jalan Tebet Dalam 10F 112810 Jakarta;Sales, Rental And Repair Of Surgical Medical Instruments And Equipment
Arkka Buana Utama Dinamika;Jalan Kedoya Raya 811520 Jakarta;Sales, Rental And Repair Of Surgical Medical Instruments And Equipment
Klinik As Shafa Medika;Jl. Letjen. Sutoyo 1161261 Klaten  - Kabupaten;Sales, Rental And Repair Of Surgical Medical Instruments And Equipment
Nasima Anugrah;Jalan Gebang Kirana Tengah 213950 Jakarta;Sales, Rental And Repair Of Surgical Medical Instruments And Equipment
Klinik Kimia Farma 7;Jl. Ir H Juanda 3016162 Klaten  - Kabupaten;Sales, Rental And Repair Of Surgical Medical Instruments And Equipment
Service Center DXN Bekasi;Komplek Bintara Jaya Permai 13450 Kota Bekasi;Herbalist (Retail)
Graha Husada Lestari Nusantara;Jalan Kencana Sari Barat 2 60225 Kota Surabaya;Herbalist (Retail)
Graha Sejati Medika;Jalan Rapih 10713640 Jakarta Timur  - Makasar;Herbalist (Retail)
Tatonas;Jalan Pamularsih 1555581 Klaten  - Kabupaten;Herbalist (Retail)
Puspita Chemindo;Jl. Sinar Waluyo Raya 35650271 Klaten  - Kabupaten;Herbalist (Retail)
Bryan Medikal;Jl. Poros Telkomas Raya 90241 Jakarta Timur  - Makasar;Herbalist (Retail)
Intralab Ekatama;Jalan Terapi 216117 Kota Bogor;Herbalist (Retail)
Hassan Sinar Lestari;Jalan Kelenteng 3440182 Kota Bandung;Herbalist (Retail)
Melakim Inti Perkasa;Jalan Haji Misbah 20151 Komplek Pertokoan Multatuli Indah Blok e/41-42;Herbalist (Retail)
Damar Multi Sindo;Ruko Sentra Niaga E 15710 Klaten  - Kabupaten;Herbalist (Retail)
Sophia;Jalan Raya Cibaduyut 8540236 Kota Bandung;Herbalist (Retail)
Sono Group Prabu Jaya;Jl. Cendrawasih Utara 1950174 Kota Semarang;Herbalist (Retail)
Alphamas Mandiri;Jl. K.H. Moh. Mansyur 1110140 Jakarta;Herbalist (Retail)
Durafarma Jaya;Jalan Rungkut Industri 3 6660293 Kota Surabaya;Herbalist (Retail)
Karya Perkasa;Jl. Aksara 12220111 Obi Timur  - Sum;Herbalist (Retail)
Karya Pembina Swajaya;Jalan Urip Sumoharjo 7260271 Kota Surabaya;Herbalist (Retail)
Manajemen Bahan Bakar Andalan;Jl. Letjen TB Simatupang 2512430 Jakarta;Herbalist (Retail)
Indocal Laboratori Sistem;Jl. Phh Mustofa 3940124 Kota Bandung;Herbalist (Retail)
Elo Karsa Utama;Jalan Jemur Andayani 5060236 Kota Surabaya;Herbalist (Retail)
Sawah Besar Farma;Jalan Kintelan Baru 250232 Kota Semarang;Herbalist (Retail)
Sarana Hidayah Semesta;Jalan Bekasi Raya 2413910 Jakarta;Medical Laboratories
Pridhana Eka;Jalan Cibadak 21540241 Kota Bandung;Medical Laboratories
Penta Valent;Jalan Kyai Haji Wahid Hasyim 13750132 Kota Semarang;Medical Laboratories
Perkindo Mitra Analitika;Jl. Outer Ring Road 3111730 Jakarta;Medical Laboratories
Pradhana Mahartha;Jl. Rungkut Asri Timur Xviii 24 Kota Surabaya;Medical Laboratories
Prapen Indah Farma;Jl. Prapen Indah II B-6 660299 Kota Surabaya;Medical Laboratories
Mitra Envitech;Jalan Pinang 1 316112 Kota Bogor;Medical Laboratories
Ricky Putra Pratama;Jalan Kincan Raya 4513450 Kota Bekasi;Medical Laboratories
Interduta Wirakarya Sejati;Jalan Rungkut Madya 60293 Kota Surabaya;Medical Laboratories
Homarkindo Rekakreasi;-C Jl. RS. Fatmawati 2112410 Jakarta;Medical Laboratories
Andesya Abadi Labtek;Jalan Mutiara 3 940264 Kota Bandung;Medical Laboratories
Chandramas Jaya Semesta;Jalan Jemursari 7660237 Kota Surabaya;Medical Laboratories
Primaco;Cempaka Mas 110640 Jakarta;Medical Laboratories
Daya Anugrah Dewata Sakti;Floor 760237 Kota Surabaya;Medical Laboratories
Global Eramas;Gedung Mulia 12950 Jakarta;Medical Laboratories
Apotek Sabang;Jalan Haji Agus Salim 5210240 Jakarta;Medical Laboratories
Prajasatech Indonesia;Jl. Galaxy Bumi Permai I2 160119 Kota Surabaya;Medical Laboratories
Triman;Jalan Banten 640272 Klaten  - Kabupaten;Medical Laboratories
Anugerah Rezeki Bersama Indonesia;Jl. Setia Luhur Komplek Millenium Indah 20123 Medan Helvetia  - Dwi Kora;Medical Laboratories
Hexpharm Jaya Laboratories;Jalan Gadog 143253 Klaten  - Kabupaten;Medical Laboratories
Gresik Sarana Tirta;Jalan Sutan Syahrir 110310 Jakarta;Medical Laboratories
Armahen Permata;Jalan Joglo Raya 7711640 Jakarta;Medical Laboratories
Inter Pharmacy;Jalan Gunung Sahari 210710 Jakarta;Medical Laboratories
Diatri Promedika;Jalan Mangga 3 10440 Jakarta Timur  - Makasar;Medical Laboratories
Bio Medika;Jl. Nginden Baru I-A 160118 Kota Surabaya;Medical Laboratories
Tritunggal Abadi Sejahtera;Jalan Raya Cibaduyut 22240235 Kota Bandung;Medical Laboratories
Dira Sonita;Jalan Veteran 27030126 Kota Palembang;Medical Laboratories
Ruchi;Jalan Gagak 3740133 Kota Bandung;Medical Laboratories
Ruslindo Anugrah Alam Sejahtera;Jalan Kedoya Raya 3011520 Jakarta;Medical Laboratories
Trisna Jaya Abadi;Jalan Gresik 9760177 Kota Surabaya;Medical Laboratories
B & R Integra;Jl. Gendeng GK IV 59755225 Kota Yogyakarta;Medical Laboratories
Kimia Farma 18;Jalan Pemuda 13550138 Kota Semarang;Medical Laboratories
Infar Arispharma;Jl. Tojai 120111 Kompl Mabar Estate;Medical Laboratories
Blessindo Farma;Jalan Mayor Jenderal Sungkono 60189 Kota Surabaya;Medical Laboratories
Unilab Perdana;Jalan Ciledug Raya 1012230 Jakarta;Medical Laboratories
Biolaborindo Makmur Sejahtera;Jalan Naripan 4140111 Kota Bandung;Medical Laboratories
Marin Liza Farmasi;Jl. Terusan Kiara Condong 43 Kota Bandung;Medical Laboratories
Medilab;Jalan Mutiara 3 940264 Kota Bandung;Medical Laboratories
Wahana Prima;Jalan Pinangsia 1 611110 Jakarta;Medical Laboratories
Mergi Karya Jaya;Jl. Pulo Lino 2313930 Jakarta;Medical Laboratories
Imedha Indoscientific;Jalan Pahlawan Seribu 15345 Kota Tangerang Selatan;Medical Laboratories
Bandung Perdana Medikatama;Jalan Doktor Setiabudi 18740153 Kota Bandung;Medical Laboratories
Bali Farma;Jl. Kemuda 380111 Dompu  - Bali;Medical Laboratories
Almik Kurnia Bersama;Cempaka Mas 1910640 Jakarta;Medical Laboratories
Djamoekoe;Jl. Sunset Road Lingkungan Abian Base  Klaten  - Kabupaten;Medical Laboratories
Laboratorium Klinik Primadia;Jl. Utan Kayu Raya 10913120 Jakarta;Medical Laboratories
Mugi;Jalan PLN Duren Tiga 9912760 Jakarta;Medical Laboratories
Apotek Qina Farma;Jl. A. Hadjerah I 90761 Barru;Medical Laboratories
Cipta Sarana Kreasi Niaganindo;Jl. Demakan Baru TR Iii 75855244 Kota Yogyakarta;Medical Laboratories
PT. SINKONA INDONESIA LESTARI;Jalan Raya Ciater 1741281 Subang;Medical Laboratories
Surya Abadi;Jalan Mangga Dua 811110 Jakarta;Medical Laboratories
Apotek Central;Jl. Brigjend Hasan Kasim A-7 730961 Palembang;Medical Laboratories
Klinik Guci Medika;Jalan Pramuka 7917113 Kota Bekasi;Medical Laboratories
Apotek Gidion Farma;Jalan Dokter Setia Budi 297127 Ambon;Medical Laboratories
Apotek Obor;Jalan Harapan Baru 17133 Klaten  - Kabupaten;Medical Laboratories
Apotek Nadia Farma;Ruko Sentra Eropa II AB - 476114 Balikpapan;Medical Laboratories
Apotek Putri;Jalan Pluit Sakti 11714450 Jakarta;Medical Laboratories
Rascellatama Cemerlang;Jl. Raya Karawaci Legok 15820 Kota Tangerang;Medical Laboratories
Klinik Kimia Farma 81;Jalan Tengku Tok Muda Lamkuta 24110 Kota Lhoksumawe;Medical Laboratories
Rosarum Cindo;Jl. Letkol Iskandar 22230134 Kota Palembang;Medical Laboratories
Apotek Trunojoyo;Jalan Trunojoyo 3560264 Kota Surabaya;Chemists
Dharma Karya Makmur Sentosa;Jalan Jemur Andayani 5060236 Kota Surabaya;Chemists
Bali Cakra Kusuma;Jl. Tukad Banyusari XI 180225 Dompu  - Bali;Chemists
Capita Medica Farma;Jalan Kyai Haji Agus Salim 339112 Kota Padang;Chemists
Apotek Mustika Jaya II;Jalan Kyai Haji Mas Mansyur 24660162 Kota Surabaya;Chemists
Shell Waru;Jalan Raya Waru 161256 Klaten  - Kabupaten;Chemists
Sumber Tanushu;Jalan Cihanjuang 2840512 Kota Cimahi;Chemists
Unitama Multikarya Perkasa;Komp. Rukan Mangga Dua Elok 110730 Jakarta;Chemists
Prima Medika Ozora;Jl. Raya Pahlawan 1712330 Jakarta;Chemists
Klinik Murni Elok;- C Jl. Andalas 7425157 Kota Padang;Chemists
Apotek Pondok Kelapa;Jalan Pondok Kelapa 6 A 813450 Jakarta;Chemists
Medika Loka Balikpapan;Jalan MT Haryono 76115 Balikpapan;Chemists
Apotek Agung Farma;I Jl. Pandegiling 17760111 Kota Surabaya;Chemists
Apotek Mangkubumen;Jalan Dr Sutomo 2557141 Surakarta;Chemists
Klinik Kimia Farma 199;Jalan Jenderal Urip Sumoharjo 3212840 Jakarta Timur  - Makasar;Chemists
Dasa Esa Farma;Jalan Kelud 7860221 Kota Surabaya;Chemists
Apotek AA;Jl. K.L Yos Sudarso 20520216 Obi Timur  - Sum;Chemists
Klinik Telaga Sari;Jalan Syech Quro Lemah Abang 41372 Klaten  - Kabupaten;Chemists
Apotek Karisma Utama;Jalan Raya Pasar Minggu 812510 Jakarta;Chemists
Apotek Sidodadi;Jl Rungkut Lor Rl V J-15 1560293 Kota Surabaya;Chemists
Apotek Vita Gading;Jalan Boulevard Barat 2314240 Jakarta;Chemists
Farida Sehat;Jalan A 9913940 Jakarta Timur  - Makasar;Chemists
Enggal Waras Toko;Jalan RE Martadinata 1253213 Cilacap  - Tambakreja;Chemists
Lesoshoppe Indonesia Etika;Rukan Hexa Green Kalimalang 17510 Kota Bekasi;Chemists
Wei Kang Medical;Jalan Beringin 1 256125 Kota Magelang;Chemists
Belibis Muda Perkasa;Jalan Rambutan 1 1630163 Palangkaraya  - Palangka;Chemists
Pusaka Buana Utama;Jalan Mampang Prapatan 4 9812790 Jakarta;Chemists
Sulfatama Kencana;Jalan Teluk Kumai Barat 6860165 Kota Surabaya;Chemists
Nutrimax Prima Perkasa;Jalan Williem Iskandar 5520221 Obi Timur  - Sum;Chemists
Apotek Pacar Keling;Jl. Pacar Keling RW. 160222 Kota Surabaya;Chemists
Dwi Tunggal Pharma Mandiri;Jl. Letda Sujono 20226 Komp. Aksara Baru Blok G/316;Chemists
Junger Farma Distribusi;Jl. Murai I Blk. H 6120111 Comp. Tomang Elok;Chemists
Panca Usaha Makmur Abadi;Jl. Yos Sudarso 650175 Arteri Utara;Chemists
Doxa Manggalya Utama;Jalan Rumah Sakit Fatmawati 1412440 Jakarta;Chemists
Cahaya Prima Sentosa Abadi;Wisma 77 Bld 19Th Floor 11410 Jakarta;Chemists
Apotek Panasea;Jalan Kenari 8955165 Kota Yogyakarta;Chemists
Apotek Sejati Farma;Jalan Rapih 10713640 Jakarta Timur  - Makasar;Chemists
Apotek Kimia Farma5;Jalan Cikini Raya 12110310 Jakarta;Chemists
Apotek Waluya Farma;Jalan Arcamanik Endah 7540293 Kota Bandung;Chemists
Laboratorium Klinik Bio Prima;Jl. Jimbaran Blk B Lb1 1111840 Jakarta;Chemists
Apotek Kimia Farma;Jalan Kapten Ahmad Rivai 138430136 Kota Palembang;Chemists
Apotik Wahyu Farma;Jalan MT Haryono 57139 Surakarta;Chemists
Apotek Cahaya Farma;Jalan Gemblongan 6460174 Kota Surabaya;Chemists
Klinik Anugrah Berkoh;Jl. Jend. Sudirman 7953176 Klaten  - Kabupaten;Chemists
Apotek Baldes;Jalan Bali 457412 Klaten  - Kabupaten;Chemists
Teguhsindo Lestaritama;Jalan Raya Kebayoran Lama 55712220 Jakarta;Chemists
Apotek Sido Waras;Jalan Rungkut Kidul 2 1860293 Kota Surabaya;Chemists
Sarana Prima Internasional;Jl. Pakubuwono Vi 6 Jakarta;Chemists
Colibri Indonesia Persada;Jalan Candi Mutiara Raya 6950148 Kota Semarang;Chemists
Kartika Sari Apotik;Jl. Gajah Mada 4329453 Klaten  - Kabupaten;Chemists
Mersifarma Tirmaku Mercusana;Jalan Karya Barat 565122 Kota Malang;Chemists
Apotek Atrika;ITC Kuningan 12940 Jakarta;Chemists
Apotek Super;Jalan Kedung Cowek 5860134 Kota Surabaya;Chemists
Apotek Cininta;Jl. Lampersari 5750111 Klaten  - Kabupaten;Chemists
Apotek Baya Husada;Jalan Merapi 457422 Klaten  - Kabupaten;Chemists
Apotek Citra Mandiri Cipta;Citra Garden Iii - 11840 Jakarta;Chemists
Apotek Kimia Farma273;Jalan Basuki Rahmat 2275111 Kota Samarinda;Chemists
Apotek Vita Farma;Jalan Pasir Haji 17140123 Kota Bandung;Chemists
Buchi Indonesia;German Centre Suite 15321 Kota Tangerang;Chemists
Indovetraco Makmur Abadi;Maspion 1814420 Jakarta;Chemists
Simponi Sigmanera;Jl. Cipaku I 512170 Jakarta;Chemists
Apotek Asia;Jalan Mangkunegara 148630154 Kota Palembang;Chemists
Klinik Cigading Medika;Jalan Raya Anyer 742441 Kota Cilegon;Chemists
Apotek Kimia Farma477;Jalan Kubu 78116 Kota Pontianak;Chemists
Citrakarya Polamandiri;Jalan Gunung Raya 1815411 Kota Tangerang Selatan;Chemists
Apotek Bhineka Husada;Jalan Pondok Cabe Raya 15418 Kota Tangerang Selatan;Chemists
Apotek Palasari;Jl. Prabu Gesan Ulun 5545312 Klaten  - Kabupaten;Chemists
Klinik Kimia Farma (Cipacing);Jl. Raya Cipacing 2145373 Klaten  - Kabupaten;Chemists
Apotek Galenis;A Jl. Tuparev 34241372 Klaten  - Kabupaten;Chemists
Nur Dwi Usaha;JL. Medokan Baru Iii/11 1160119 Kota Surabaya;Chemists
Apotek Simpang Puri;Komplek BTN Kembangan Utara 112811610 Jakarta;Chemists
Mutual Medica;Ruko Bukit Panorama 50274 Kota Semarang;Chemists
Alida Perintis Jaya;Jalan Babakan Tarogong 11040232 Kota Bandung;Chemists
Apotek Nusukan;Jalan Adi Sumarmo 2857135 Surakarta;Chemists
Lo Ban Teng Toko;Jalan Tanjung Duren 7411470 Jakarta;Chemists
Sinar Waras Toko;Jalan Pungkur 6340252 Kota Bandung;Chemists
Apotek Kimia Farma Slipi;Jl. Letjen S Parman 11410 Jakarta;Chemists
Adicon Dharma Jaya;Jl. Dipati Ukur 1940132 Kota Bandung;Chemists
Apotek Safa;Jalan Bukit Duri Tanjakan 6812840 Jakarta;Chemists
Darma Putra Lestari;Jalan Perintis Kemerdekaan 53850269 Kota Semarang;Chemists
Optik Kimia Farma;Jalan Matraman 5510310 Jakarta;ChemistsOpticians (Retail)
Apotek Cideng;Jalan Cideng Barat 10010150 Jakarta;ChemistsOpticians (Retail)
Providen Mitratara;Komplek Mutiara Taman Palem 5011730 Jakarta;ChemistsOpticians (Retail)
Yarindo Farmatama;Dinar Building 410430 Jakarta;ChemistsOpticians (Retail)
Sumber Usaha Kencana Agung;Jalan Sisingamangaraja 620147 Obi Timur  - Sum;ChemistsOpticians (Retail)
Rumah Sakit Arisanti;Jl. Raya Mas Ubud Gianyar 80571 Klaten  - Kabupaten;ChemistsOpticians (Retail)
Apotek Tomang Raya;Jalan Tomang Raya 2511440 Jakarta;ChemistsOpticians (Retail)
Apotek Husada Bima Perkasa;Jl. Laksada Adisucipto 655162 Kota Yogyakarta;ChemistsOpticians (Retail)
Indo Tangkas Progress;Jalan Doktor Setia Budi 115418 Kota Tangerang Selatan;ChemistsOpticians (Retail)
Cs2 Pola Sehat;Jalan Raya Serang 8015710 Kota Banda Aceh;ChemistsOpticians (Retail)
Merck Sharp Dohme Pharma;Jl. Pandaan M 4867111 Kota Pasuruan;ChemistsOpticians (Retail)
Apotek Kimia Farma Perumnas Cirebon;Jalan Terusan Ciremai 27545144 Kota Cirebon;ChemistsOpticians (Retail)
Sumber Alat Kesehatan;Jalan Kebun Sari 1728288 Kota Pekanbaru;ChemistsOpticians (Retail)
Safeta Rianda;Jalan Karya Baru 620124 Medan Helvetia  - Helvetia Timur;ChemistsOpticians (Retail)
Asindotek Putra Mandiri;Jalan Wonosari Kidul 16860242 Kota Surabaya;ChemistsOpticians (Retail)
Klinik Surya Husadha Dalung;Jl. Padang Luwih 14380353 Klaten  - Kabupaten;ChemistsOpticians (Retail)
Apotek Miranti;Jalan Pandanaran 37357461 Klaten  - Kabupaten;ChemistsOpticians (Retail)
Jamu Iboe Jaya;Jl. Raya Trosobo 2061257 Klaten  - Kabupaten;ChemistsOpticians (Retail)
Klinik Kimia Farma 299;Jalan Raden Mattaher 4036143 Kota Jambi;ChemistsOpticians (Retail)
Klinik Paten;Jl. Tuparev 10141372 Klaten  - Kabupaten;ChemistsOpticians (Retail)
Cendo Pratama Farma;Jalan Dewi Sartika 6240251 Kota Bandung;Chemists
Iboe Jaya Toko;Jalan Ngaglik 360273 Kota Surabaya;Chemists
Indonesian Drug House;Jalan Kyai Haji Wahid Hasyim 6410340 Jakarta;Chemists
Pesona Widya Agung;Jalan Pucang Adi 5960282 Kota Surabaya;Chemists
Soho Industri Pharmasi;Jalan Ipda Tut Harsono 5155225 Kota Yogyakarta;Chemists
Karya Jaya Makmur;Jalan Raya Gading Pantai 60122 Kota Surabaya;Chemists
Apotek Setiabudi;Jalan Doktor Setiabudi 17040141 Kota Bandung;Chemists
Apotek Harmoni;Jl. Jend. Sudirman C2 16076127 Balikpapan;Chemists
Apotek Daerah;Jl. Jend. Sudirman 2254118 Klaten  - Kabupaten;Chemists
Apotek Kimia Farma;Jl. Poris Indah 315720 Klaten  - Kabupaten;Chemists
Apotek Waled;Jalan Pasar 4845154 Klaten  - Kabupaten;Chemists
Apotek Mutiara Farma;Jalan Taman Mutiara 1 40524 Kota Cimahi;Chemists
Sang Naga Berlian;JL Tanah Manisan 1913340 Jakarta;Chemists
Hasil Haluan Toko;Jalan Riau 3120231 Medan Timur  - Gang Buntu;Chemists
Tamstek;Jalan Lubuk Pakam - Batang Kuis 320362 Kabupaten Deli Serdang;Chemists
Pharmasi Resik;Jl. Yudanegara 1246121 Klaten  - Kabupaten;Chemists
Sukolilo Surya Indah;Jalan Arief Rahman Hakim 15060117 Kota Surabaya;Chemists
Surya Dinamika Pratama;Jl. Palem Timur Md 61256 Klaten  - Kabupaten;Chemists
Summa PROSPERI;Jl. Bukit Raya Rukan Bukit Sari 650126 Central Java;Chemists
Apotek Kimia Farma Pilar Mas;Jalan Ki Hajar Dewantara 17530 Ruko Pilar Mas No. 10-11 Cikarang Utara;Chemists
Saudara Sejati;Jalan Stasiun Timur 4643145 Kota Sukabumi;Chemists
Apotek Chris Kencana;Jl Kencanasari Brt I A-4 460225 Kota Surabaya;Chemists
Apotek Jelita;Jalan Mochammad Ramdhan 7340252 Kota Bandung;Chemists
Biochem Technology;Jalan Sulawesi 3660246 Kota Surabaya;Chemists
Trimitra Sukses Farma;Jalan Doktor Muhammad Isa 57930111 Kota Palembang;Chemists
Arian Eka Catra;Jalan Bintaro Permai 15224 Kota Tangerang Selatan;Chemists
Agro Abadi;Jalan Cendana 1778112 Kota Pontianak;Chemists
Irma Mitra Farma;Jl Barata Jaya Xix 4860284 Kota Surabaya;Chemists
Standart;Jalan Kranggan 7360173 Kota Surabaya;Chemists
Restu Medika Apotek;Jl. Pulau Komodo 680111 Dompu  - Bali;Chemists
Rapedian Nusantara;Jalan Kalibokor Selatan 3360116 Kota Surabaya;Chemists
Q Laboratorium Klinik;Jalan MH Thamrin 1220234 Medan Timur  - Sidodadi;Chemists
Patra Mas Sejahtera;Jalan Imogiri Barat 755153 Kota Yogyakarta;Chemists
Sumber Giat Utama Farma;Jalan Tumapel 320112 Obi Timur  - Sum;Chemists
Nusantara Bina Diagnostika;Jalan Cirendeu Raya 15411 Kota Tangerang Selatan;Chemists
Apotek Mustika;Jalan Pungkur 8240252 Klaten  - Kabupaten;Chemists
Klinik Kimia Farma M.Yamin 525;Jl. Prof. Muhammad Yamin 778361 Klaten  - Kabupaten;Chemists
Ikadana;Jl Tegalsari Ngawonggo 57465 Klaten  - Kabupaten;Chemists
Apotek Gama;Jl. Gajah Mada 14761261 Klaten  - Kabupaten;Chemists
Asyera Mitrasari Utama;Jl. Semarang Indah 650114 Klaten  - Kabupaten;Chemists
Apotek Graha Gading;Jl Otto Iskandardinata Ruko Prima Ciputat 15419 Kota Tangerang Selatan;Chemists
Perintis Pelayanan Paripurna;Lg Floor 860271 Kota Surabaya;Chemists
Surapati Apotek;Jl. Surapati 2340619 Klaten  - Kabupaten;Chemists
Sumatera Asri Tama;Jalan Tanjung Morawa - Batang Kuis 1620362 Obi Timur  - Sum;Chemists
Samie Sahari;Gang 1 910240 Jakarta;Chemists
Delta Medika Persada;Jalan Cemara 10230 Jakarta;Chemists
PT.Crystal Anugerah Abadi;Green Sedayu Bizpark 1811840 Jakarta;Chemists
Prodia Widyahusada;Jalan Ronggowarsito 14357131 Surakarta;Chemists
Nudira Sumber Daya Indonesia;Ruko Braja Mustika 1216111 West Java;Chemists
Mazta Farma;Green Sedayu Biz Park DM 1811840 Jakarta;Chemists
Insan Makmur Sejahtera Magetan;Desa Ringinagung 63311 Klaten  - Kabupaten;Chemists
Harvest Ariake Indonesia;Jababeka Innovation Center 17530 Kota Bekasi;Chemists
Klinik Kimia Farma 169;Jl. Raja Alihadi 329125 Kota Tanjung Pinang;Chemists
Someda;Rukan Sentra Niaga 11750 Jakarta;Chemists
Perintis Pelayanan Paripurna;Jalan Gajah Mada 1910130 Jakarta;Chemists
Laboratorium Laborat Prodia Ko;Jalan Ahmad Yani 3656112 Kota Magelang;Chemists
Essentials Bali;Jalan Umalas 2 6480361 Dompu  - Bali;Chemists
Waskita Karya (Persero);Ruko Permata 555111 Kota Yogyakarta;Chemists
Promedrahardjo Farmasi Industri;Jalan Haji Ten 1 5213220 Jakarta;Chemists
Universal Gloves;Jalan Pertahanan 1720361 Kabupaten Deli Serdang;Chemists
Global Haditech;Jl. Musholah Al-Ikhsan 817412 Klaten  - Kabupaten;Sales, Rental And Repair Of Surgical Medical Instruments And Equipment
Kasa Husada Wira Jatim;Jalan Kalimas Barat 1760163 Kota Surabaya;Sales, Rental And Repair Of Surgical Medical Instruments And Equipment
Klinik Kimia Farma 62;Jl. Gajah Mada 17168162 Klaten  - Kabupaten;Sales, Rental And Repair Of Surgical Medical Instruments And Equipment
Unitama Analitika Perkasa;C Jl. Garuda 3110610 Jakarta;Sales, Rental And Repair Of Surgical Medical Instruments And Equipment
Anugrah Argon Medica (Aam);Jalan AKBP Cak Agus 653430114 Kota Palembang;Sales, Rental And Repair Of Surgical Medical Instruments And Equipment
Adhi Mas Raya;Jalan Kyai Haji Hasyim Ashari 4810140 Jakarta;Sales, Rental And Repair Of Surgical Medical Instruments And Equipment
Nipro Indonesia Jaya;Kawasan Industri Surya Cipta 41361 Klaten  - Kabupaten;Sales, Rental And Repair Of Surgical Medical Instruments And Equipment
Namsiang Indonesia;Green Sedayu Bizpark 1811840 Jakarta;Sales, Rental And Repair Of Surgical Medical Instruments And Equipment
Selamat Farma Apotek;Jalan Buah Batu 22040264 Kota Bandung;Sales, Rental And Repair Of Surgical Medical Instruments And Equipment
Enseval Putera Megatrading;Jalan By Pass 1025155 Kota Padang;Sales, Rental And Repair Of Surgical Medical Instruments And Equipment
Rina Indonesia;Building 4610160 Jakarta;Sales, Rental And Repair Of Surgical Medical Instruments And Equipment
Mestika Aceh Semesta;Jalan Teuku Umar 623233 Kota Banda Aceh;Sales, Rental And Repair Of Surgical Medical Instruments And Equipment
Anugrah Mandiri Pharma;A1 Jl. Soak Permai 30961 Kota Palembang;Sales, Rental And Repair Of Surgical Medical Instruments And Equipment
Budi Kartini Laboratorium;Jl. Ham Effendi 13446322 Banjar;Sales, Rental And Repair Of Surgical Medical Instruments And Equipment
Megaguna Gandasemesta;Jl. Jembatan Tiga Barat 14450 Jakarta;Sales, Rental And Repair Of Surgical Medical Instruments And Equipment
Berkat Saintifindo;Jalan Gunung Krakatau 1020239 Medan Timur  - Pulo Brayan Darat 2;Sales, Rental And Repair Of Surgical Medical Instruments And Equipment
Bioderma;Multika Building 12790 Jakarta;Sales, Rental And Repair Of Surgical Medical Instruments And Equipment
Pil Kita;Jl. A. Yani Slawi 15752412 Kota Tegal;Sales, Rental And Repair Of Surgical Medical Instruments And Equipment
Apotek Sehat Jaya;Jalan Parang Klitik 15657411 Klaten  - Kabupaten;Sales, Rental And Repair Of Surgical Medical Instruments And Equipment
Nabelin Indonesia;Wisma Nusantara 5910350 Jakarta;Sales, Rental And Repair Of Surgical Medical Instruments And Equipment
Kimia Farma Apotek;Jl. Prof. Dr. Soepomo 4512860 Jakarta;Chemists
Semper Medical Center;Jl. Kesemek 514130 Jakarta;Chemists
Apotek Kimia Farma207;Jalan Parangtritis 13055143 Kota Yogyakarta;Chemists
Promedika Mitra Utama;Jl. Kadrie Oening No.56a, Air Hitam, Kec. Samarinda Ulu, Kota Samarinda, Kalimantan Timur 75124 5675124 Samarinda;Chemists
Green Vit International;Jalan Meruya Ilir 8811620 Jakarta;Chemists
Golden Coral Corporindo;Jalan Raya Sepatan 815520 Kasemen  - Banten;Chemists
Cellsafe International;Jalan Marina Indah 14470 Jakarta;Chemists
Magalarva;Perkantoran Tiara Buncit 912760 Jakarta;Chemists
Shiseido Cosmetics Indonesia;Casablanca Office Tower 12870 Jakarta;Chemists
Medika Niaga Solusindo;Green Office Park 15345 Jakarta;Chemists
Mediabetea;Jl. Kapuk Kamal 11730 Jakarta;Chemists
Apotek Zeta;Jl Laks Muda Nurtanio 6540183 Kota Bandung;Chemists
Visi Trading Distribusi;Jalan Pangeran Jayakarta 2411110 Jakarta;Chemists
Renalmed Tiara Utama;Enseval Building 1013920 Jakarta;Chemists
Kimia Farma;Jalan Buah Batu 25940264 Kota Bandung;Chemists
B Braun Medical Indonesia;Palma One Building 412950 Jakarta;Chemists
Irma Laboratorium;Jl. Mayjen. D.I. Panjaitan 4067254 Klaten  - Kabupaten;Chemists
Alkeslab Primatama;JL. Minang Kabau 612850 Jakarta;Chemists
Tritunggal Sinarjaya;Jl. Sunter Paradise Iii 14350 Jakarta;Chemists
Prima Kreasi;Jalan Imam 2520125 Medan Helvetia  - Tanjung Gusta;Chemists
Apotek Kimia Farma;Jl. Rancabolang 6940619 Klaten  - Kabupaten;Chemists
Medtronic Indonesia;Gandaria 12190 Jakarta;Chemists
Sumber Aneka Karya Abadi;Jalan Batu Ceper 210130 Jakarta;Chemists
Agung Pharmindo Indonesia;Jalan Tanjung Raya 2 10178233 Kota Pontianak;Chemists
Apotek Kimia Farma Lapangan Tembak Cibubur;Jalan Lawu 113720 Jakarta;Chemists
Rajawali Nusindo;Rumah Dinas 2155181 Klaten  - Kabupaten;Chemists
Sandana;Jalan Kedung Baruk 2560298 Kota Surabaya;Chemists
Dinamika Rifqy Medika;B Jl. Pasir Kaliki 23940117 Kota Bandung;Chemists
Lab Klinik Semangat;Jalan Veteran 420627 Kota Tebing Tinggi;Chemists
Apotek Kimia Farma 161 Setui;Jl. Teuku Umar Setui 23243 Kota Banda Aceh;Chemists
Karunia Makmur Selaras;1151  Jakarta;Chemists
Lab Klinik Prodia;Jalan Sisingamangaraja 12522521 Kota Sibolga;Chemists
Hensan Bersama Sukses;Business Park Tangerang City 115118 Klaten  - Kabupaten;Chemists
Klinik Kimia Farma 18;Jalan Pemuda 13557455 Klaten  - Kabupaten;Chemists
CCIC Jakarta;Jalan Perancis 6815125 Kasemen  - Banten;Chemists
Sinergi Dinamika Teknologi;Jalan Raya Karanggan 9216810 Gn.Putri Citeurep;Chemists
Asri Karya Abadi;C Jl. Dewi Sartika 29213630 Jakarta;Chemists
Apotek Gambiran;Jl. Erlangga 2659253 Klaten  - Kabupaten;Chemists
Alami Herbal Surabaya;Jalan Dukuh Gang 5 160223 Surabaya;Chemists
Octa Prima Lestari;Jalan Matraman Raya 14813150 Jakarta;Chemists
Apotek Kimia Farma Wates;Jalan Raya Wates 455651 Kota Yogyakarta;Drugs
Sinar Panca Medika;Jl. Malibu Raya J/57 5711730 Jakarta;Drugs
Tugu Andalan Mandiri;Griya Indah II G.189 G/DK II 18955182 Klaten  - Kabupaten;Drugs
Kairos Tritunggal;Jalan Bekasi Raya 2513960 Jakarta;Drugs
Colgate Palmolive Indonesia;Menara Palma 12950 Jakarta;Drugs
Toko Cincin Lima;Jalan Pejanggik 2183239 Kota Mataram;Drugs
Apotek Kimia Farma Cahaya Amalia;Jalan Kyai Haji Muchtar Tabrani 317124 Summarecon Bekasi;Drugs
Bestari Jaya Permai;Jl. Rawasari 5 Kota Tanjung Pinang;Drugs
Cmsi;Kawasan Industri Jababeka I 17530 Klaten  - Kabupaten;Drugs
Lab Prodia Kampung Melayu;Jl. KH. Abdullah Syafei 2812520 Jakarta;Drugs
Apotek Kimia Farma Pare 2;Jalan Pahlawan Kusuma Bangsa 564121 East Java;Drugs
ELC Beauty Indonesia;Noble House Building 212950 Jakarta;Drugs
Savana Tirta Makmur;Jalan Kakap 8950176 Kota Semarang;Drugs
Apotek Kimia Farma 308;Jalan Cimanuk 61944111 Klaten  - Kabupaten;Drugs
Priorita Dian Sarana;Jl. Adhyaksa Baru 1290231 Jakarta Timur  - Makasar;Drugs
Transindotama Sinar Perkasa;Perkantoran 14240 Jakarta;Drugs
Aurum Litindo Sejahtera;Komp. Sentra Latumenten 11460 Jakarta;Drugs
Panda Mitra Setia;Jalan Panda Utara 2850196 Kota Semarang;Drugs
Tirta Pasifik Medikatama;Jalan Jati Bening Indah 217412 Ruko Jatibening Pondok Gede Jati Bening;Drugs
Sumber Fajar Inti Abadi;Jalan Sungai Raya Dalam 978124 Kota Pontianak;Drugs
Sancho Mitra Sejahtera;Jalan Pukat Banting 1 10920224 Bantan;Drugs
Seven Mountain International;Jalan Ruko Golden Boulevard 15820 Kota Tangerang Selatan;Drugs
Prestige Products Indo;Wisma Tugu Wahid Hasyim 10010340 Jakarta;Drugs
Great Deli Farma;Komplek Nangka Raya Permai 28125 Kota Pekanbaru;Drugs
Tiga Srikandi Jaya;Kawasan Pergudangan Bizpark 13940 Jakarta;Drugs
Surya Andra Medicalindo;Jalan Rawa Bahagia 1 1211450 Jakarta;Drugs
Ezone Asia Indonesia;Gang Lestari 4810450 Jakarta;Drugs
Tirta Sarana Sukses;A-24 Jl. Karah Indah 60232 Kota Surabaya;Drugs
Nulab Pharmaceutical Indonesia;Komp. Green Ville Maisonette 11510 Jakarta;Drugs
Hanna Instruments Indotama;Jalan BKR 40264 Kota Bandung;Drugs
Libra Emas Permata Semarang;Jalan Supriyadi Regency 2150197 Kota Semarang;Drugs
Putra Valindo;Jalan Gandaria 1012240 Jakarta;Drugs
Libra Utama Farma;Jl. Ujung Menteng Niaga 20 Jakarta;Drugs
Hebe Beauty Style;Perkantoran Landmark Pluit Building Tower B9 14450 Jakarta;Drugs
Boston Scientific Indonesia;Tamara Center Building 12920 Jakarta;Drugs
Apotek Kimia Farma Sukahati;Jl. Sukahati 316912 West Java;Drugs
Perusahaan Jamu Sari Wangi;Jalan Balige 4820211 Obi Timur  - Sum;Drugs
Usaha Semesta Globalindo;Jalan Ngagel Jaya Indah 760116 Kota Surabaya;Drugs
Asia Baharu;Floor 114350 Jakarta;Drugs
Consumer Good Indonesia;Jalan Blora 2810220 Jakarta;Drugs
Buana Aqua Prima;Jalan Way Mesuji 2335213 Kota Bandar Lampung;Drugs
Apotek Sana Farma Tebet;Jl. M.T. Haryono 1812810 Jakarta;Drugs
Multi Axis Surgical;Jalan Arief Rahman Hakim 13860117 Kota Surabaya;Drugs
Sukses Jaya Alkesindo;Jalan S Parman Dalam 120112 Medan Petisah  - Petisah Tengah;Drugs
Qilu Pharmaceutical Indonesia;Jalan Daan Mogot 2115119 Kota Tangerang;Drugs
Neelam International;Jalan Bisma Raya 314340 Jakarta;Drugs
Widatra Bhakti;Wisma Tugu Raden Saleh 610330 Jakarta;Drugs
Hanna Instrunment Indotama Pte.Ltd;C85 JL. Raya Barat Boulervadt 14240 Jakarta;Drugs
Inti Fajar Baru;Jalan Elang 1156172 Tegalrejo;Drugs
Sentana Budi Agung;Jl. P Diponegoro 9880111 Dompu  - Bali;Drugs
Insan Indofarma;Jl. Brigjen. Katamso IV 20361256 Klaten  - Kabupaten;Drugs
Parco;Jalan Industri 14 49450113 Kota Semarang;Drugs
Sarana Maju Sejahtera;Jalan Johar 210240 Jakarta;Drugs
Dental Abadi Laboratory;Jl. Panorama Dieng Indah 65151 Klaten  - Kabupaten;Drugs
Karya Putra Sulawesi;Jalan Cendrawasih 36313420 Jakarta Timur  - Makasar;Drugs
Bundatama Gembala;Jalan Palm Merah 15310 Kota Tangerang;Drugs
Sentra Analitika Graha;Jalan Garuda 7110610 Jakarta;Drugs
Siuscopersada Mandiri;Jalan Daan Mogot 1915122 Kota Tangerang;Drugs
Melati Puspamedika Sejahtera;Jl Gelong Baru Utara 511440 Jakarta;Drugs
Perusahaan Jamu Tradisional Dr Sardjito;Jl. Teuku Cik Ditiro 1655223 Kota Yogyakarta;Drugs
Alamanda Medica Farma;Jalan Jatisari Permai 1 61256 Klaten  - Kabupaten;Chemists
Dwipa Nusa Gas;Jalan Suwung Batan Kendal 2280223 Dompu  - Bali;Chemists
Kusudana Abadi;Jalan Trengganu 2860164 Kota Surabaya;Chemists
Digiguna Presisi;Jalan Wiguna Tengah 8 3160294 Kota Surabaya;Chemists
Tawade Scientific;Jalan Tentara Pelajar 512210 Jakarta;Chemists
Erwemas Pratama;Jalan Pemuda Raya 6113220 Jakarta;Chemists
Tri Sigma;Jalan Taman Hasanudin 1550176 Kota Semarang;Chemists
Intralab Trading Mandiri;G-55 Jl. Kalidam 40523 Kota Cimahi;Chemists
Sarana Medika Laboratorium;Jalan Kyai Haji Ahmad Dahlan 650242 Kota Semarang;Chemists
Usayasa Utama;Jl. Utan Kayu Raya 45 Jakarta;Chemists
Labora Sempurna Lestari;Jalan Lengkong Kecil 7340261 West Java;Chemists
Dyan Ayodya;Jalan Doktor Cipto 15250121 Kota Semarang;Chemists
Naufalindo Sci;Jalan Raya Bayat - Wedi 1257461 Klaten  - Kabupaten;Chemists
Raksa Gemilang;Jl. Terusan Cibogo Atas II 2940164 Kota Bandung;Chemists
Gasigen Bangka Pratama;Maspion 1814420 Jakarta;Chemists
Adamas Geological Laboratory;Apartemen Istana Harmoni 2 Jakarta;Chemists
Indoscale Instrument;Ruko Aldiron Hero D 11911510 Jakarta;Chemists
Teras Sejahtera Tehnik;Jalan Kebon Jeruk 12 1411160 Jakarta;Chemists
Multilab;Jl. Suronatan II 94055262 Kota Yogyakarta;Chemists
Kubotindo Engineering;Comp. Greenville Maisonette Blk. SC 1711510 Jakarta;Chemists
Molex Ayus Pharmaceutical;Molex Ayus Building 510120 Jakarta;Chemists
Duta Sentosa Danjaya;Perum. Griya Permata Gedangan B2/10 261254 Klaten  - Kabupaten;Chemists
Javastar Tours And Travel Bureau;Jalan Titiran 740133 Kota Bandung;Chemists
Trianugerah Sejati;Jalan Diponegoro Raya 6760264 Kota Surabaya;Chemists
Klinik Tiga Mandiri;Jalan Cabakan 10057455 Klaten  - Kabupaten;Chemists
Global Scientific;Jalan Tulip Raya 2740295 Kota Bandung;Chemists
Lautan Jasaindo;Jalan Manis 2 915810 Kota Tangerang;Chemists
Penintis;Jalan Pasar Barat 640181 Kota Bandung;Chemists
Apotek;Jalan Malioboro 12355271 Kota Yogyakarta;Chemists
Media Husada;Jl. Jagir Wonokromo Permai 2060244 Kota Surabaya;Chemists
Karya Gemilang Utama;Komp. Permata Hijau Permai 17125 Kota Bekasi;Chemists
Teguh Reksa Daya;Victoria Centre 12160 Jakarta;Chemists
Longfair Iron Mining;Jalan Danau Sunter Selatan 14350 Jakarta;Chemists
Sarana Usaha Sejahtera Insan;Jl. Serma Tugir 1680111 Dompu  - Bali;Chemists
Dinoyo Makmur;Jalan Dinoyo 12560265 Kota Surabaya;Chemists
Organo Kimia;Jl. Letjend. Jamin Ginting 38420111 Obi Timur  - Sum;Chemists
Cokro Scientific;Jalan Kebun Bunga 30151 Kota Palembang;Chemists
Alamasri Pharmindo;Jalan Kualamas 5 22350135 Kota Semarang;Chemists
Dewangga Raharja;Jalan Cimandiri 610310 Jakarta;Chemists
Trikarsa Indoinstrument;Jalan Buah Batu Dalam 3 240265 Kota Bandung;Chemists
Anugrah Multi Peraga;Jalan Tlogosari Raya 2 4950112 Kota Semarang;Medical Laboratories
Bio Diagnindo Sejahtera;Jalan Boulevard Kelapa Gading 14240 Jakarta;Medical Laboratories
Royal Global Medica;Jl. S. Saddang Baru 57 Jakarta Timur  - Makasar;Medical Laboratories
Prima;Jalan Angkatan 45 4530132 Kota Palembang;Medical Laboratories
Arta Graha Prima;Jalan Danau Singkarak 8720117 Kota Medan  - Karang Berombak;Medical Laboratories
Arsa Citra Prima;Jl. Letjen. TB Simatupang 213830 Jakarta;Medical Laboratories
Mitra Sainsindo;Jl. Perintis Kemerdekaan 15425128 Kota Padang;Medical Laboratories
Madani Sejahtera;Jalan M Yakub 8220233 Medan Petisah  - Sekip;Medical Laboratories
Marinda Cahya Medika;Jl. Beliton 180111 Dompu  - Bali;Medical Laboratories
Andalan Bangun Sejahtera;Jalan Sumur Batu 110640 Jakarta;Medical Laboratories
Envirindo;Wisma Jaya 717111 Kota Bekasi;Medical Laboratories
Swandayani Mandiri;Jalan Pucang Anom Timur 4 1260282 Kota Surabaya;Medical Laboratories
Age Dental Lab;Jalan Poncowinatan 5155232 Kota Yogyakarta;Medical Laboratories
Metalindo Multidinamika Mandiri;Jl. Jababeka Iii H 17530 Klaten  - Kabupaten;Medical Laboratories
Gredia;Jalan Panglima Sudirman 2261111 Klaten  - Kabupaten;Medical Laboratories
Gasindo Mekar Putra;Jalan Kaligawe 350113 Kota Semarang;Medical Laboratories
Barindo Surya Aryatama;Jalan Ki Hajar Dewantara 15810 Kasemen  - Banten;Medical Laboratories
Laksanawan Lestari;Wijaya Grand Center 12150 Jakarta;Medical Laboratories
Agriya Analitika;Puri Indah Financial Tower 11610 Jakarta;Medical Laboratories
Ganesha Sakti Abadi;Jalan Tanjung Duren 8711470 Jakarta;Medical Laboratories
Agro Makmur Sentosa;Jl Juru Mudi 2515122 Jakarta;DrugsManufacture And Sale Of Pharmaceutical Based Products
Indo Safety Manufacture;Jalan Meranti 3 17113 Kota Bekasi;DrugsManufacture And Sale Of Pharmaceutical Based Products
Hyphens Pharma Pte;Wisma Nugraha Lt 610430 Jakarta;DrugsManufacture And Sale Of Pharmaceutical Based Products
Apotek Kimia Farma 189;Jalan Sriwijaya 29583121 Kota Mataram;DrugsManufacture And Sale Of Pharmaceutical Based Products
Apotek Online;Jalan Manila 3112220 Jakarta;DrugsManufacture And Sale Of Pharmaceutical Based Products
Apotek Kimia Farma;Jl. Prabu Geusan Ulun 8245362 Klaten  - Kabupaten;DrugsManufacture And Sale Of Pharmaceutical Based Products
Apotek Kimia Farma;Jalan Simo 2857432 Klaten  - Kabupaten;DrugsManufacture And Sale Of Pharmaceutical Based Products
Klinik Kimia Farma 219 (Situgintung;Jl. H Juanda 11115323 Klaten  - Kabupaten;DrugsManufacture And Sale Of Pharmaceutical Based Products
Rajawali Nusindo;Jl. Wolter Mongisidi 5490142 Jakarta Timur  - Makasar;DrugsManufacture And Sale Of Pharmaceutical Based Products
Bio Medika Mandiri Jaya;Jalan Ciujung 1011430 Jakarta;DrugsManufacture And Sale Of Pharmaceutical Based Products
Prodia Diagnostic Line;Jalan Tentara Pelajar 157422 Klaten  - Kabupaten;DrugsManufacture And Sale Of Pharmaceutical Based Products
Apotek Kimia Farma;Jl. Dr. Susanto 3159181 Klaten  - Kabupaten;DrugsManufacture And Sale Of Pharmaceutical Based Products
Bio Medika Mandiri Jaya;Ruko Citra Niaga 11840 Jakarta;DrugsManufacture And Sale Of Pharmaceutical Based Products
Kimia Farma Apotek;Jalan Bundaran HI 9110230 Jakarta;DrugsManufacture And Sale Of Pharmaceutical Based Products
Kimia Farma Apotek;Jalan Nusantara 20816451 Depok;DrugsManufacture And Sale Of Pharmaceutical Based Products
Kimia Farma Apotek;Jl. Komp. Balikpapan Baru 776128 Balikpapan;DrugsManufacture And Sale Of Pharmaceutical Based Products
Pelangi Kasih Anugerah;Jalan Pangeran Natakusumah 15978116 Kota Pontianak;DrugsManufacture And Sale Of Pharmaceutical Based Products
Pramita;Jalan Ngagel Jaya 7160283 Kota Surabaya;DrugsManufacture And Sale Of Pharmaceutical Based Products
Bio Medika Mandiri Jaya;Jl. Raya Bulevard Timur 14250 Jakarta;DrugsManufacture And Sale Of Pharmaceutical Based Products
Apotek Kimia Farma Cilandak;Jalan Wijaya Kusuma 212420 Jakarta;DrugsManufacture And Sale Of Pharmaceutical Based Products
Mulya Husada Jaya;Jl. Kedoya Kembangan Raya 10 Jakarta;Chemists
Apotek Kimia Farma;Jalan Raya Cinunuk 1144183 Klaten  - Kabupaten;Chemists
Klinik Kimia Farma 16;Jl. Imam Bonjol 3251181 Klaten  - Kabupaten;Chemists
Apotek Kimia Farma;Jl. By Pass Kediri - Persiapan 8882113 Klaten  - Kabupaten;Chemists
Apotek Kimia Farma;Jl. Tgk Daud Beureeh 4423118 Kota Banda Aceh;Chemists
Apotek Kimia Farma Transyogi;Jl. Transyogi Alternatif Cibubur Cileungsi 9816954 Depok;Chemists
Apotek Kimia Farma 102;Jalan Ngurah Rai By Pass 7480361 Dompu  - Bali;Chemists
Apotek Kimia Farma;Jl. Gatot Subroto 7222774 Obi Timur  - Sum;Chemists
Beemall;Jalan Kyai Haji Samanhudi 1710710 Jakarta;Chemists
Anugrah;Jalan Kebon Jeruk Baru 6111530 Jakarta;Chemists
Kimia Farma;Jalan Doktor Sutomo 5457437 Klaten  - Kabupaten;Chemists
Digital Mapan Indonesia;The Manhattan Square Building Lt.  Jakarta;Chemists
Bina San Prima;Jalan Gubeng Jaya 1660281 Kota Surabaya;Chemists
Lapi Laboratories;Modern Cikande Industrial Estate 42186 Klaten  - Kabupaten;Chemists
Anak Sultan Mandiri;Jl. Sunan Gunungjati 78 Klaten  - Kabupaten;Chemists
Apotek Kimia Farma;Jl. Pangeran Antasari 9170123 Manis Mata  - Kalimantan;Chemists
Gidion Jaya;Jalan Dokter Setia Budi 297127 Ambon;Chemists
Kimia Farma;Jl. Dr. Moh. Hatta 4685369 Klaten  - Kabupaten;Chemists
Klinik Kimia Farma 115;Jalan Pemuda 57415 Klaten  - Kabupaten;Chemists
Kimia Farma Apotek;Jalan Simo 11957432 Klaten  - Kabupaten;Chemists
Apotek Joyoboyo;Jl. Erlangga 3464174 Klaten  - Kabupaten;Chemists
Klinik Kimia Farma 288;Jalan Jenderal Ahmad Yani 8493118 Kota Kendari;Chemists
Kimia Farma Apotek;Jl. Jend. A. Yani 6886112 Klaten  - Kabupaten;Chemists
Putra Mufti Sejahtera;Kampung Arsani  Kota Tasikmalaya;Chemists
Apotek Kimia Farma 434;Jl. Ruhui Rahayu 176132 Perumahan Rss Blok 1;Chemists
Klinik Kimia Farma 396;Jl. Sultan Hasanuddin 13795113 Kota Manado;Chemists
Apotek Kimia Farma;Jalan Tanah Tinggi 3897718 Ternate;Chemists
Ditek Jaya;Jalan Panjang 11520 Jakarta;Chemists
Apotek Kimia Farma;Jl. Arfak 3998454 Klaten  - Kabupaten;Chemists
Mahkotadewa Indonesia;Aa1 Jl. Gaharu 14230 Jakarta;Chemists
Apotek Ilham Farma;Jl. Pawarengan Pertokoan Bmi 141373 Klaten  - Kabupaten;Chemists
Sari Rambut;Desa Abuan Kecamatan Susut 80061 Klaten  - Kabupaten;Chemists
Perdagangan Dan Industri Irawan Djaja Agung;Jalan Kalimati Tengah 460162 Kota Surabaya;Chemists
Nasa;Jalan Pudak Sari 45143 Kota Cirebon;Chemists
Guardian Hero;Mall Ratu Indah Ground Floor 3590111 Jakarta Timur  - Makasar;Chemists
Kimia Farma;Jl. Dr. Muardi 15043261 Klaten  - Kabupaten;Chemists
Apotek Kimia Farma41;Jl. Selamet Ketaren Kav. 122156 Klaten  - Kabupaten;Chemists
Otasindo Prima Satwa;Jl. Mawar Barat Xiv 57171 Surakarta;Chemists
Apotek Kimia Farma;-E Jl. W.J. Lalamentik 9585369 Klaten  - Kabupaten;Chemists
Qcs Jakarta;Jalan Pluit Karang Ayu 14450 Jakarta;Chemists
Apotek Kimia Farma315;Jalan Merdeka 522733 Kota Padang Sidempuan;Chemists
Apotek Kimia Farma;Jalan Ahmad Yani 7268453 Klaten  - Kabupaten;Chemists
Apotik Ratu;Jl. Gatot Subroto  Klaten  - Kabupaten;Chemists
Sidola;Jl. Raya Rancaekek 2445364 Klaten  - Kabupaten;Chemists
Apotek Kimia Farma262;Jl. Adampe Dolot 2295711 Gorontalo;Chemists
Apotek Kimia Farma;-E Jl. Bosih Raya 817620 Klaten  - Kabupaten;Chemists
Sapta Servisindo;Taman Tekno 1715314 Klaten  - Kabupaten;Chemists
Apotek Kimia Farma478;Jalan Mangkunegara 1430154 Kota Palembang;Chemists
Klinik Kimia Farma 104;Jalan Muhammad Hatta 7793123 Kota Kendari;Chemists
Kimia Farma;Komp. Ruko Arcadia 41311 Klaten  - Kabupaten;Chemists
Kimia Farma Apotek;Jalan Sultan Agung 9957436 Klaten  - Kabupaten;Chemists
Kimia Farma Apotek;Jalan Anggrek 20157415 Klaten  - Kabupaten;Chemists
Apotek Kimia Farma;Jl. Tarum Barat 2317330 Klaten  - Kabupaten;Chemists
Kimia Farma Apotek;Jl. Hasanuddin 5364174 Klaten  - Kabupaten;Chemists
Perintis Pelayanan Paripurna;Ruko Cibubur Indah 13720 Jakarta;Chemists
Asia Sejahtera Perdana Pharmaceutical;Jalan Jenderal Gatot Subroto 12790 Jakarta;Chemists
Baruh Sehat Sejahtera;Jl.  Palangkaraya  - Palangka;Chemists
Alpanest Walet;Mall Jodoh Marina Apartemen  Riau Islands;Chemists
Apotek Kimia Farma;Jalan Adape Dolol 2295718 Bolaangmongondow  - Kotamobagu;Chemists
Asuransi Jiwa Bersama Bumiputra 1912;Wisma Kyoei Prince Indonesia 10220 Jakarta;Chemists
